sample_ID,bag_num,sample_ID2,Fragment_number,Health,collection_date,Month,Year,Samp_trip,joining_info,order,species,time_Reef,reef,Genotype,Cluster,sampling_trip,X,colour_reef,colour_genotype,colour_reef_genotype,colour_timepoint,colour_timepoint_reef,cluster_latitude,cluster_longitude,cluster_depth
apal_cf_gML2_cl78_frB_AH_2019-06-25,bagnumber-1009,apal_cf_gML2_cl78_frB_AH_2019-06-25,B,AH,25-Jun-19,June,2019,Trip_3,ML2_Cluster_78_B_cf,1,apal,3_cf,cf,ML2,78,3,NA,blue4,orangered,yellow3,maroon2,black,25.2206999,-80.2103693,20.9
apal_cf_gML2_cl78_fr3_AH_2019-06-25,bagnumber-1010,apal_cf_gML2_cl78_fr3_AH_2019-06-25,3,AH,25-Jun-19,June,2019,Trip_3,ML2_Cluster_78_3_cf,2,apal,3_cf,cf,ML2,78,3,NA,blue4,orangered,yellow3,maroon2,black,25.2206999,-80.2103693,20.9
apal_cf_gML2_cl78_fr4_AH_2019-06-25,bagnumber-1011,apal_cf_gML2_cl78_fr4_AH_2019-06-25,4,AH,25-Jun-19,June,2019,Trip_3,ML2_Cluster_78_4_cf,3,apal,3_cf,cf,ML2,78,3,NA,blue4,orangered,yellow3,maroon2,black,25.2206999,-80.2103693,20.9
apal_cf_gCN4_cl35_fr3_AH_2019-06-25,bagnumber-1013,apal_cf_gCN4_cl35_fr3_AH_2019-06-25,3,AH,25-Jun-19,June,2019,Trip_3,CN4_Cluster_35_3_cf,4,apal,3_cf,cf,CN4,35,3,NA,blue4,maroon2,orangered,maroon2,black,25.2207798,-80.2102852,17.9
apal_cf_gCN4_cl35_fr4_AH_2019-06-25,bagnumber-1014,apal_cf_gCN4_cl35_fr4_AH_2019-06-25,4,AH,25-Jun-19,June,2019,Trip_3,CN4_Cluster_35_4_cf,5,apal,3_cf,cf,CN4,35,3,NA,blue4,maroon2,orangered,maroon2,black,25.2207798,-80.2102852,17.9
apal_cf_gCN4_cl35_fr5_AH_2019-06-25,bagnumber-1015,apal_cf_gCN4_cl35_fr5_AH_2019-06-25,5,AH,25-Jun-19,June,2019,Trip_3,CN4_Cluster_35_5_cf,6,apal,3_cf,cf,CN4,35,3,NA,blue4,maroon2,orangered,maroon2,black,25.2207798,-80.2102852,17.9
apal_cf_gCN4_cl25_frA_AH_2019-06-25,bagnumber-1016,apal_cf_gCN4_cl25_frA_AH_2019-06-25,A,AH,25-Jun-19,June,2019,Trip_3,CN4_Cluster_25_A_cf,7,apal,3_cf,cf,CN4,25,3,NA,blue4,maroon2,orangered,maroon2,black,25.220825,-80.2102634,20.8
apal_cf_gHS1_cl18_fr3_AH_2019-06-25,bagnumber-1017,apal_cf_gHS1_cl18_fr3_AH_2019-06-25,3,AH,25-Jun-19,June,2019,Trip_3,HS1_Cluster_18_3_cf,8,apal,3_cf,cf,HS1,18,3,NA,blue4,greenyellow,mediumpurple,maroon2,black,25.2208501,-80.2102565,18.8
apal_cf_gHS1_cl18_frB_AH_2019-06-25,bagnumber-1018,apal_cf_gHS1_cl18_frB_AH_2019-06-25,B,AH,25-Jun-19,June,2019,Trip_3,HS1_Cluster_18_B_cf,9,apal,3_cf,cf,HS1,18,3,NA,blue4,greenyellow,mediumpurple,maroon2,black,25.2208501,-80.2102565,18.8
apal_cf_gHS1_cl18_fr6_AH_2019-06-25,bagnumber-1019,apal_cf_gHS1_cl18_fr6_AH_2019-06-25,6,AH,25-Jun-19,June,2019,Trip_3,HS1_Cluster_18_6_cf,10,apal,3_cf,cf,HS1,18,3,NA,blue4,greenyellow,mediumpurple,maroon2,black,25.2208501,-80.2102565,18.8
apal_cf_gHS1_cl17_fr3_AH_2019-06-25,bagnumber-1020,apal_cf_gHS1_cl17_fr3_AH_2019-06-25,3,AH,25-Jun-19,June,2019,Trip_3,HS1_Cluster_17_3_cf,11,apal,3_cf,cf,HS1,17,3,NA,blue4,greenyellow,mediumpurple,maroon2,black,25.220845,-80.2102483,17.8
apal_cf_gHS1_cl17_fr4_AH_2019-06-25,bagnumber-1022,apal_cf_gHS1_cl17_fr4_AH_2019-06-25,4,AH,25-Jun-19,June,2019,Trip_3,HS1_Cluster_17_4_cf,12,apal,3_cf,cf,HS1,17,3,NA,blue4,greenyellow,mediumpurple,maroon2,black,25.220845,-80.2102483,17.8
apal_cf_gHS1_cl17_fr5_AH_2019-06-25,bagnumber-1023,apal_cf_gHS1_cl17_fr5_AH_2019-06-25,5,AH,25-Jun-19,June,2019,Trip_3,HS1_Cluster_17_5_cf,13,apal,3_cf,cf,HS1,17,3,NA,blue4,greenyellow,mediumpurple,maroon2,black,25.220845,-80.2102483,17.8
apal_cf_gHS1_cl15_fr3_AH_2019-06-25,bagnumber-1025,apal_cf_gHS1_cl15_fr3_AH_2019-06-25,3,AH,25-Jun-19,June,2019,Trip_3,HS1_Cluster_15_3_cf,14,apal,3_cf,cf,HS1,15,3,NA,blue4,greenyellow,mediumpurple,maroon2,black,25.2208297,-80.2102237,17.6
apal_cf_gHS1_cl15_fr4_AH_2019-06-25,bagnumber-1026,apal_cf_gHS1_cl15_fr4_AH_2019-06-25,4,AH,25-Jun-19,June,2019,Trip_3,HS1_Cluster_15_4_cf,15,apal,3_cf,cf,HS1,15,3,NA,blue4,greenyellow,mediumpurple,maroon2,black,25.2208297,-80.2102237,17.6
apal_cf_gHS1_cl15_fr5_AH_2019-06-25,bagnumber-1027,apal_cf_gHS1_cl15_fr5_AH_2019-06-25,5,AH,25-Jun-19,June,2019,Trip_3,HS1_Cluster_15_5_cf,16,apal,3_cf,cf,HS1,15,3,NA,blue4,greenyellow,mediumpurple,maroon2,black,25.2208297,-80.2102237,17.6
apal_cf_gCN2_cl11_fr3_AH_2019-06-25,bagnumber-1031,apal_cf_gCN2_cl11_fr3_AH_2019-06-25,3,AH,25-Jun-19,June,2019,Trip_3,CN2_Cluster_11_3_cf,17,apal,3_cf,cf,CN2,11,3,NA,blue4,blue4,blue4,maroon2,black,25.2208448,-80.2102244,19.6
apal_cf_gCN2_cl11_fr4_AH_2019-06-25,bagnumber-1032,apal_cf_gCN2_cl11_fr4_AH_2019-06-25,4,AH,25-Jun-19,June,2019,Trip_3,CN2_Cluster_11_4_cf,18,apal,3_cf,cf,CN2,11,3,NA,blue4,blue4,blue4,maroon2,black,25.2208448,-80.2102244,19.6
apal_cf_gCN2_cl11_fr5_AH_2019-06-25,bagnumber-1033,apal_cf_gCN2_cl11_fr5_AH_2019-06-25,5,AH,25-Jun-19,June,2019,Trip_3,CN2_Cluster_11_5_cf,19,apal,3_cf,cf,CN2,11,3,NA,blue4,blue4,blue4,maroon2,black,25.2208448,-80.2102244,19.6
apal_cf_gCN2_cl6_fr3_AH_2019-06-25,bagnumber-1034,apal_cf_gCN2_cl6_fr3_AH_2019-06-25,3,AH,25-Jun-19,June,2019,Trip_3,CN2_Cluster_6_3_cf,20,apal,3_cf,cf,CN2,6,3,NA,blue4,blue4,blue4,maroon2,black,25.2208498,-80.2102087,18.6
apal_cf_gCN2_cl6_fr4_AH_2019-06-25,bagnumber-1035,apal_cf_gCN2_cl6_fr4_AH_2019-06-25,4,AH,25-Jun-19,June,2019,Trip_3,CN2_Cluster_6_4_cf,21,apal,3_cf,cf,CN2,6,3,NA,blue4,blue4,blue4,maroon2,black,25.2208498,-80.2102087,18.6
apal_cf_gCN2_cl6_fr5_AH_2019-06-25,bagnumber-1036,apal_cf_gCN2_cl6_fr5_AH_2019-06-25,5,AH,25-Jun-19,June,2019,Trip_3,CN2_Cluster_6_5_cf,22,apal,3_cf,cf,CN2,6,3,NA,blue4,blue4,blue4,maroon2,black,25.2208498,-80.2102087,18.6
apal_cf_gCN2_cl3_fr3_AH_2019-06-25,bagnumber-1037,apal_cf_gCN2_cl3_fr3_AH_2019-06-25,3,AH,25-Jun-19,June,2019,Trip_3,CN2_Cluster_3_3_cf,23,apal,3_cf,cf,CN2,3,3,NA,blue4,blue4,blue4,maroon2,black,25.22087,-80.2102176,20.6
apal_cf_gCN2_cl3_fr4_AH_2019-06-25,bagnumber-1038,apal_cf_gCN2_cl3_fr4_AH_2019-06-25,4,AH,25-Jun-19,June,2019,Trip_3,CN2_Cluster_3_4_cf,24,apal,3_cf,cf,CN2,3,3,NA,blue4,blue4,blue4,maroon2,black,25.22087,-80.2102176,20.6
apal_cf_gCN2_cl3_fr5_AH_2019-06-25,bagnumber-1039,apal_cf_gCN2_cl3_fr5_AH_2019-06-25,5,AH,25-Jun-19,June,2019,Trip_3,CN2_Cluster_3_5_cf,25,apal,3_cf,cf,CN2,3,3,NA,blue4,blue4,blue4,maroon2,black,25.22087,-80.2102176,20.6
apal_ndr_gCN4_cl32_fr3_AH_2019-06-26,bagnumber-1082,apal_ndr_gCN4_cl32_fr3_AH_2019-06-26,3,AH,26-Jun-19,June,2019,Trip_3,CN4_Cluster_32_3_ndr,26,apal,3_ndr,ndr,CN4,32,3,NA,maroon2,maroon2,lightskyblue,maroon2,greenyellow,25.1303377,-80.2939212,11.7
apal_ndr_gCN4_cl32_fr4_AH_2019-06-26,bagnumber-1083,apal_ndr_gCN4_cl32_fr4_AH_2019-06-26,4,AH,26-Jun-19,June,2019,Trip_3,CN4_Cluster_32_4_ndr,27,apal,3_ndr,ndr,CN4,32,3,NA,maroon2,maroon2,lightskyblue,maroon2,greenyellow,25.1303377,-80.2939212,11.7
apal_ndr_gCN4_cl32_fr5_AH_2019-06-26,bagnumber-1084,apal_ndr_gCN4_cl32_fr5_AH_2019-06-26,5,AH,26-Jun-19,June,2019,Trip_3,CN4_Cluster_32_5_ndr,28,apal,3_ndr,ndr,CN4,32,3,NA,maroon2,maroon2,lightskyblue,maroon2,greenyellow,25.1303377,-80.2939212,11.7
apal_ndr_gCN4_cl38_fr3_AH_2019-06-26,bagnumber-1085,apal_ndr_gCN4_cl38_fr3_AH_2019-06-26,3,AH,26-Jun-19,June,2019,Trip_3,CN4_Cluster_38_3_ndr,29,apal,3_ndr,ndr,CN4,38,3,NA,maroon2,maroon2,lightskyblue,maroon2,greenyellow,25.1303348,-80.2939119,12.7
apal_ndr_gCN4_cl38_fr4_AH_2019-06-26,bagnumber-1086,apal_ndr_gCN4_cl38_fr4_AH_2019-06-26,4,AH,26-Jun-19,June,2019,Trip_3,CN4_Cluster_38_4_ndr,30,apal,3_ndr,ndr,CN4,38,3,NA,maroon2,maroon2,lightskyblue,maroon2,greenyellow,25.1303348,-80.2939119,12.7
apal_ndr_gCN4_cl38_fr6_AH_2019-06-26,bagnumber-1087,apal_ndr_gCN4_cl38_fr6_AH_2019-06-26,6,AH,26-Jun-19,June,2019,Trip_3,CN4_Cluster_38_6_ndr,31,apal,3_ndr,ndr,CN4,38,3,NA,maroon2,maroon2,lightskyblue,maroon2,greenyellow,25.1303348,-80.2939119,12.7
apal_ndr_gCN4_cl28_fr3_AH_2019-06-26,bagnumber-1088,apal_ndr_gCN4_cl28_fr3_AH_2019-06-26,3,AH,26-Jun-19,June,2019,Trip_3,CN4_Cluster_28_3_ndr,32,apal,3_ndr,ndr,CN4,28,3,NA,maroon2,maroon2,lightskyblue,maroon2,greenyellow,25.1303322,-80.2939338,12.7
apal_ndr_gCN4_cl28_fr4_AH_2019-06-26,bagnumber-1089,apal_ndr_gCN4_cl28_fr4_AH_2019-06-26,4,AH,26-Jun-19,June,2019,Trip_3,CN4_Cluster_28_4_ndr,33,apal,3_ndr,ndr,CN4,28,3,NA,maroon2,maroon2,lightskyblue,maroon2,greenyellow,25.1303322,-80.2939338,12.7
apal_ndr_gCN4_cl28_fr5_AH_2019-06-26,bagnumber-1090,apal_ndr_gCN4_cl28_fr5_AH_2019-06-26,5,AH,26-Jun-19,June,2019,Trip_3,CN4_Cluster_28_5_ndr,34,apal,3_ndr,ndr,CN4,28,3,NA,maroon2,maroon2,lightskyblue,maroon2,greenyellow,25.1303322,-80.2939338,12.7
apal_ndr_gML2_cl26_fr3_AH_2019-06-26,bagnumber-1091,apal_ndr_gML2_cl26_fr3_AH_2019-06-26,3,AH,26-Jun-19,June,2019,Trip_3,ML2_Cluster_26_3_ndr,35,apal,3_ndr,ndr,ML2,26,3,NA,maroon2,orangered,turquoise3,maroon2,greenyellow,25.1303151,-80.2939404,11.8
apal_ndr_gML2_cl26_fr4_AH_2019-06-26,bagnumber-1092,apal_ndr_gML2_cl26_fr4_AH_2019-06-26,4,AH,26-Jun-19,June,2019,Trip_3,ML2_Cluster_26_4_ndr,36,apal,3_ndr,ndr,ML2,26,3,NA,maroon2,orangered,turquoise3,maroon2,greenyellow,25.1303151,-80.2939404,11.8
apal_ndr_gML2_cl26_fr5_AH_2019-06-26,bagnumber-1093,apal_ndr_gML2_cl26_fr5_AH_2019-06-26,5,AH,26-Jun-19,June,2019,Trip_3,ML2_Cluster_26_5_ndr,37,apal,3_ndr,ndr,ML2,26,3,NA,maroon2,orangered,turquoise3,maroon2,greenyellow,25.1303151,-80.2939404,11.8
apal_ndr_gML2_cl23_frB_AH_2019-06-26,bagnumber-1094,apal_ndr_gML2_cl23_frB_AH_2019-06-26,B,AH,26-Jun-19,June,2019,Trip_3,ML2_Cluster_23_B_ndr,38,apal,3_ndr,ndr,ML2,23,3,NA,maroon2,orangered,turquoise3,maroon2,greenyellow,25.1303352,-80.2939432,12.8
apal_ndr_gML2_cl23_fr6_AH_2019-06-26,bagnumber-1095,apal_ndr_gML2_cl23_fr6_AH_2019-06-26,6,AH,26-Jun-19,June,2019,Trip_3,ML2_Cluster_23_6_ndr,39,apal,3_ndr,ndr,ML2,23,3,NA,maroon2,orangered,turquoise3,maroon2,greenyellow,25.1303352,-80.2939432,12.8
apal_ndr_gML2_cl23_fr7_AH_2019-06-26,bagnumber-1096,apal_ndr_gML2_cl23_fr7_AH_2019-06-26,7,AH,26-Jun-19,June,2019,Trip_3,ML2_Cluster_23_7_ndr,40,apal,3_ndr,ndr,ML2,23,3,NA,maroon2,orangered,turquoise3,maroon2,greenyellow,25.1303352,-80.2939432,12.8
apal_ndr_gML2_cl18_fr3_AH_2019-06-26,bagnumber-1097,apal_ndr_gML2_cl18_fr3_AH_2019-06-26,3,AH,26-Jun-19,June,2019,Trip_3,ML2_Cluster_18_3_ndr,41,apal,3_ndr,ndr,ML2,18,3,NA,maroon2,orangered,turquoise3,maroon2,greenyellow,25.1303496,-80.2939585,11.8
apal_ndr_gML2_cl18_fr4_AH_2019-06-26,bagnumber-1098,apal_ndr_gML2_cl18_fr4_AH_2019-06-26,4,AH,26-Jun-19,June,2019,Trip_3,ML2_Cluster_18_4_ndr,42,apal,3_ndr,ndr,ML2,18,3,NA,maroon2,orangered,turquoise3,maroon2,greenyellow,25.1303496,-80.2939585,11.8
apal_ndr_gML2_cl18_fr5_AH_2019-06-26,bagnumber-1099,apal_ndr_gML2_cl18_fr5_AH_2019-06-26,5,AH,26-Jun-19,June,2019,Trip_3,ML2_Cluster_18_5_ndr,43,apal,3_ndr,ndr,ML2,18,3,NA,maroon2,orangered,turquoise3,maroon2,greenyellow,25.1303496,-80.2939585,11.8
apal_ndr_gHS1_cl63_fr3_AH_2019-06-26,bagnumber-1187,apal_ndr_gHS1_cl63_fr3_AH_2019-06-26,3,AH,26-Jun-19,June,2019,Trip_3,HS1_Cluster_63_3_ndr,44,apal,3_ndr,ndr,HS1,63,3,NA,maroon2,greenyellow,olivedrab1,maroon2,greenyellow,25.1302969,-80.2938556,12.6
apal_ndr_gHS1_cl63_fr4_AH_2019-06-26,bagnumber-1188,apal_ndr_gHS1_cl63_fr4_AH_2019-06-26,4,AH,26-Jun-19,June,2019,Trip_3,HS1_Cluster_63_4_ndr,45,apal,3_ndr,ndr,HS1,63,3,NA,maroon2,greenyellow,olivedrab1,maroon2,greenyellow,25.1302969,-80.2938556,12.6
apal_ndr_gHS1_cl63_fr5_AH_2019-06-26,bagnumber-1189,apal_ndr_gHS1_cl63_fr5_AH_2019-06-26,5,AH,26-Jun-19,June,2019,Trip_3,HS1_Cluster_63_5_ndr,46,apal,3_ndr,ndr,HS1,63,3,NA,maroon2,greenyellow,olivedrab1,maroon2,greenyellow,25.1302969,-80.2938556,12.6
apal_ndr_gCN2_cl57_fr3_AH_2019-06-26,bagnumber-1196,apal_ndr_gCN2_cl57_fr3_AH_2019-06-26,3,AH,26-Jun-19,June,2019,Trip_3,CN2_Cluster_57_3_ndr,47,apal,3_ndr,ndr,CN2,57,3,NA,maroon2,blue4,greenyellow,maroon2,greenyellow,25.1303246,-80.2938481,10.7
apal_ndr_gCN2_cl57_fr4_AH_2019-06-26,bagnumber-1197,apal_ndr_gCN2_cl57_fr4_AH_2019-06-26,4,AH,26-Jun-19,June,2019,Trip_3,CN2_Cluster_57_4_ndr,48,apal,3_ndr,ndr,CN2,57,3,NA,maroon2,blue4,greenyellow,maroon2,greenyellow,25.1303246,-80.2938481,10.7
apal_ndr_gCN2_cl57_fr5_AH_2019-06-26,bagnumber-1198,apal_ndr_gCN2_cl57_fr5_AH_2019-06-26,5,AH,26-Jun-19,June,2019,Trip_3,CN2_Cluster_57_5_ndr,49,apal,3_ndr,ndr,CN2,57,3,NA,maroon2,blue4,greenyellow,maroon2,greenyellow,25.1303246,-80.2938481,10.7
apal_ndr_gHS1_cl70_fr3_AH_2019-06-26,bagnumber-1217,apal_ndr_gHS1_cl70_fr3_AH_2019-06-26,3,AH,26-Jun-19,June,2019,Trip_3,HS1_Cluster_70_3_ndr,50,apal,3_ndr,ndr,HS1,70,3,NA,maroon2,greenyellow,olivedrab1,maroon2,greenyellow,25.1302873,-80.2938389,12.6
apal_ndr_gHS1_cl70_fr4_AH_2019-06-26,bagnumber-1218,apal_ndr_gHS1_cl70_fr4_AH_2019-06-26,4,AH,26-Jun-19,June,2019,Trip_3,HS1_Cluster_70_4_ndr,51,apal,3_ndr,ndr,HS1,70,3,NA,maroon2,greenyellow,olivedrab1,maroon2,greenyellow,25.1302873,-80.2938389,12.6
apal_ndr_gHS1_cl70_fr5_AH_2019-06-26,bagnumber-1219,apal_ndr_gHS1_cl70_fr5_AH_2019-06-26,5,AH,26-Jun-19,June,2019,Trip_3,HS1_Cluster_70_5_ndr,52,apal,3_ndr,ndr,HS1,70,3,NA,maroon2,greenyellow,olivedrab1,maroon2,greenyellow,25.1302873,-80.2938389,12.6
apal_ndr_gHS1_cl67_fr3_AH_2019-06-26,bagnumber-1223,apal_ndr_gHS1_cl67_fr3_AH_2019-06-26,3,AH,26-Jun-19,June,2019,Trip_3,HS1_Cluster_67_3_ndr,53,apal,3_ndr,ndr,HS1,67,3,NA,maroon2,greenyellow,olivedrab1,maroon2,greenyellow,25.1303102,-80.293823,12.6
apal_ndr_gHS1_cl67_fr6_AH_2019-06-26,bagnumber-1224,apal_ndr_gHS1_cl67_fr6_AH_2019-06-26,6,AH,26-Jun-19,June,2019,Trip_3,HS1_Cluster_67_6_ndr,54,apal,3_ndr,ndr,HS1,67,3,NA,maroon2,greenyellow,olivedrab1,maroon2,greenyellow,25.1303102,-80.293823,12.6
apal_ndr_gHS1_cl67_fr7_AH_2019-06-26,bagnumber-1225,apal_ndr_gHS1_cl67_fr7_AH_2019-06-26,7,AH,26-Jun-19,June,2019,Trip_3,HS1_Cluster_67_7_ndr,55,apal,3_ndr,ndr,HS1,67,3,NA,maroon2,greenyellow,olivedrab1,maroon2,greenyellow,25.1303102,-80.293823,12.6
apal_ndr_gCN2_cl65_fr3_AH_2019-06-26,bagnumber-1226,apal_ndr_gCN2_cl65_fr3_AH_2019-06-26,3,AH,26-Jun-19,June,2019,Trip_3,CN2_Cluster_65_3_ndr,56,apal,3_ndr,ndr,CN2,65,3,NA,maroon2,blue4,greenyellow,maroon2,greenyellow,25.1303122,-80.293845,11.6
apal_ndr_gCN2_cl65_fr6_AH_2019-06-26,bagnumber-1227,apal_ndr_gCN2_cl65_fr6_AH_2019-06-26,6,AH,26-Jun-19,June,2019,Trip_3,CN2_Cluster_65_6_ndr,57,apal,3_ndr,ndr,CN2,65,3,NA,maroon2,blue4,greenyellow,maroon2,greenyellow,25.1303122,-80.293845,11.6
apal_ndr_gCN2_cl65_fr7_AH_2019-06-26,bagnumber-1228,apal_ndr_gCN2_cl65_fr7_AH_2019-06-26,7,AH,26-Jun-19,June,2019,Trip_3,CN2_Cluster_65_7_ndr,58,apal,3_ndr,ndr,CN2,65,3,NA,maroon2,blue4,greenyellow,maroon2,greenyellow,25.1303122,-80.293845,11.6
apal_ndr_gCN2_cl15_fr3_AH_2019-06-26,bagnumber-1267,apal_ndr_gCN2_cl15_fr3_AH_2019-06-26,3,AH,26-Jun-19,June,2019,Trip_3,CN2_Cluster_15_3_ndr,59,apal,3_ndr,ndr,CN2,15,3,NA,maroon2,blue4,greenyellow,maroon2,greenyellow,25.1303356,-80.2939744,11.8
apal_ndr_gCN2_cl15_fr5_AH_2019-06-26,bagnumber-1268,apal_ndr_gCN2_cl15_fr5_AH_2019-06-26,5,AH,26-Jun-19,June,2019,Trip_3,CN2_Cluster_15_5_ndr,60,apal,3_ndr,ndr,CN2,15,3,NA,maroon2,blue4,greenyellow,maroon2,greenyellow,25.1303356,-80.2939744,11.8
apal_ndr_gCN2_cl15_fr6_AH_2019-06-26,bagnumber-1269,apal_ndr_gCN2_cl15_fr6_AH_2019-06-26,6,AH,26-Jun-19,June,2019,Trip_3,CN2_Cluster_15_6_ndr,61,apal,3_ndr,ndr,CN2,15,3,NA,maroon2,blue4,greenyellow,maroon2,greenyellow,25.1303356,-80.2939744,11.8
apal_pr_gCN4_cl72_frA_AH_2019-07-02,bagnumber-1328,apal_pr_gCN4_cl72_frA_AH_2019-07-02,A,AH,2-Jul-19,July,2019,Trip_3,CN4_Cluster_72_A_pr,62,apal,3_pr,pr,CN4,72,3,NA,greenyellow,maroon2,ivory3,maroon2,slategrey,24.9845657,-80.4165627,17.7
apal_pr_gCN4_cl72_fr3_AH_2019-07-02,bagnumber-1329,apal_pr_gCN4_cl72_fr3_AH_2019-07-02,3,AH,2-Jul-19,July,2019,Trip_3,CN4_Cluster_72_3_pr,63,apal,3_pr,pr,CN4,72,3,NA,greenyellow,maroon2,ivory3,maroon2,slategrey,24.9845657,-80.4165627,17.7
apal_pr_gCN4_cl72_fr5_AH_2019-07-02,bagnumber-1330,apal_pr_gCN4_cl72_fr5_AH_2019-07-02,5,AH,2-Jul-19,July,2019,Trip_3,CN4_Cluster_72_5_pr,64,apal,3_pr,pr,CN4,72,3,NA,greenyellow,maroon2,ivory3,maroon2,slategrey,24.9845657,-80.4165627,17.7
apal_pr_gML2_cl65_fr4_AH_2019-07-02,bagnumber-1334,apal_pr_gML2_cl65_fr4_AH_2019-07-02,4,AH,2-Jul-19,July,2019,Trip_3,ML2_Cluster_65_4_pr,65,apal,3_pr,pr,ML2,65,3,NA,greenyellow,orangered,slategrey,maroon2,slategrey,24.9845482,-80.4165515,17.7
apal_pr_gML2_cl65_fr5_AH_2019-07-02,bagnumber-1335,apal_pr_gML2_cl65_fr5_AH_2019-07-02,5,AH,2-Jul-19,July,2019,Trip_3,ML2_Cluster_65_5_pr,66,apal,3_pr,pr,ML2,65,3,NA,greenyellow,orangered,slategrey,maroon2,slategrey,24.9845482,-80.4165515,17.7
apal_pr_gML2_cl65_fr6_AH_2019-07-02,bagnumber-1336,apal_pr_gML2_cl65_fr6_AH_2019-07-02,6,AH,2-Jul-19,July,2019,Trip_3,ML2_Cluster_65_6_pr,67,apal,3_pr,pr,ML2,65,3,NA,greenyellow,orangered,slategrey,maroon2,slategrey,24.9845482,-80.4165515,17.7
apal_pr_gML2_cl64_fr4_AH_2019-07-02,bagnumber-1337,apal_pr_gML2_cl64_fr4_AH_2019-07-02,4,AH,2-Jul-19,July,2019,Trip_3,ML2_Cluster_64_4_pr,68,apal,3_pr,pr,ML2,64,3,NA,greenyellow,orangered,slategrey,maroon2,slategrey,24.9845404,-80.4165528,16.7
apal_pr_gML2_cl64_fr5_AH_2019-07-02,bagnumber-1338,apal_pr_gML2_cl64_fr5_AH_2019-07-02,5,AH,2-Jul-19,July,2019,Trip_3,ML2_Cluster_64_5_pr,69,apal,3_pr,pr,ML2,64,3,NA,greenyellow,orangered,slategrey,maroon2,slategrey,24.9845404,-80.4165528,16.7
apal_pr_gML2_cl64_fr6_AH_2019-07-02,bagnumber-1339,apal_pr_gML2_cl64_fr6_AH_2019-07-02,6,AH,2-Jul-19,July,2019,Trip_3,ML2_Cluster_64_6_pr,70,apal,3_pr,pr,ML2,64,3,NA,greenyellow,orangered,slategrey,maroon2,slategrey,24.9845404,-80.4165528,16.7
apal_pr_gML2_cl58_frB_AH_2019-07-02,bagnumber-1340,apal_pr_gML2_cl58_frB_AH_2019-07-02,B,AH,2-Jul-19,July,2019,Trip_3,ML2_Cluster_58_B_pr,71,apal,3_pr,pr,ML2,58,3,NA,greenyellow,orangered,slategrey,maroon2,slategrey,24.9845308,-80.4165403,18.7
apal_pr_gML2_cl58_fr3_AH_2019-07-02,bagnumber-1381,apal_pr_gML2_cl58_fr3_AH_2019-07-02,3,AH,2-Jul-19,July,2019,Trip_3,ML2_Cluster_58_3_pr,72,apal,3_pr,pr,ML2,58,3,NA,greenyellow,orangered,slategrey,maroon2,slategrey,24.9845308,-80.4165403,18.7
apal_pr_gML2_cl58_fr6_AH_2019-07-02,bagnumber-1382,apal_pr_gML2_cl58_fr6_AH_2019-07-02,6,AH,2-Jul-19,July,2019,Trip_3,ML2_Cluster_58_6_pr,73,apal,3_pr,pr,ML2,58,3,NA,greenyellow,orangered,slategrey,maroon2,slategrey,24.9845308,-80.4165403,18.7
apal_pr_gHS1_cl112_fr3_AH_2019-07-02,bagnumber-1400,apal_pr_gHS1_cl112_fr3_AH_2019-07-02,3,AH,2-Jul-19,July,2019,Trip_3,HS1_Cluster_112_3_pr,74,apal,3_pr,pr,HS1,112,3,NA,greenyellow,greenyellow,black,maroon2,slategrey,24.9845578,-80.4166775,16.8
apal_pr_gHS1_cl112_fr4_AH_2019-07-02,bagnumber-1401,apal_pr_gHS1_cl112_fr4_AH_2019-07-02,4,AH,2-Jul-19,July,2019,Trip_3,HS1_Cluster_112_4_pr,75,apal,3_pr,pr,HS1,112,3,NA,greenyellow,greenyellow,black,maroon2,slategrey,24.9845578,-80.4166775,16.8
apal_pr_gHS1_cl112_fr6_AH_2019-07-02,bagnumber-1402,apal_pr_gHS1_cl112_fr6_AH_2019-07-02,6,AH,2-Jul-19,July,2019,Trip_3,HS1_Cluster_112_6_pr,76,apal,3_pr,pr,HS1,112,3,NA,greenyellow,greenyellow,black,maroon2,slategrey,24.9845578,-80.4166775,16.8
apal_pr_gHS1_cl108_fr4_AH_2019-07-02,bagnumber-1403,apal_pr_gHS1_cl108_fr4_AH_2019-07-02,4,AH,2-Jul-19,July,2019,Trip_3,HS1_Cluster_108_4_pr,77,apal,3_pr,pr,HS1,108,3,NA,greenyellow,greenyellow,black,maroon2,slategrey,24.9845645,-80.4166745,16.8
apal_pr_gHS1_cl108_fr5_AH_2019-07-02,bagnumber-1404,apal_pr_gHS1_cl108_fr5_AH_2019-07-02,5,AH,2-Jul-19,July,2019,Trip_3,HS1_Cluster_108_5_pr,78,apal,3_pr,pr,HS1,108,3,NA,greenyellow,greenyellow,black,maroon2,slategrey,24.9845645,-80.4166745,16.8
apal_pr_gHS1_cl108_fr6_AH_2019-07-02,bagnumber-1405,apal_pr_gHS1_cl108_fr6_AH_2019-07-02,6,AH,2-Jul-19,July,2019,Trip_3,HS1_Cluster_108_6_pr,79,apal,3_pr,pr,HS1,108,3,NA,greenyellow,greenyellow,black,maroon2,slategrey,24.9845645,-80.4166745,16.8
apal_pr_gHS1_cl106_fr6_AH_2019-07-02,bagnumber-1406,apal_pr_gHS1_cl106_fr6_AH_2019-07-02,6,AH,2-Jul-19,July,2019,Trip_3,HS1_Cluster_106_6_pr,80,apal,3_pr,pr,HS1,106,3,NA,greenyellow,greenyellow,black,maroon2,slategrey,24.9845488,-80.416677,18.7
apal_pr_gHS1_cl106_fr3_AH_2019-07-02,bagnumber-1407,apal_pr_gHS1_cl106_fr3_AH_2019-07-02,3,AH,2-Jul-19,July,2019,Trip_3,HS1_Cluster_106_3_pr,81,apal,3_pr,pr,HS1,106,3,NA,greenyellow,greenyellow,black,maroon2,slategrey,24.9845488,-80.416677,18.7
apal_pr_gHS1_cl106_fr4_AH_2019-07-02,bagnumber-1408,apal_pr_gHS1_cl106_fr4_AH_2019-07-02,4,AH,2-Jul-19,July,2019,Trip_3,HS1_Cluster_106_4_pr,82,apal,3_pr,pr,HS1,106,3,NA,greenyellow,greenyellow,black,maroon2,slategrey,24.9845488,-80.416677,18.7
apal_pr_gHS1_cl106_fr5_AH_2019-07-02,bagnumber-1409,apal_pr_gHS1_cl106_fr5_AH_2019-07-02,5,AH,2-Jul-19,July,2019,Trip_3,HS1_Cluster_106_5_pr,83,apal,3_pr,pr,HS1,106,3,NA,greenyellow,greenyellow,black,maroon2,slategrey,24.9845488,-80.416677,18.7
apal_pr_gCN4_cl103_fr4_AH_2019-07-02,bagnumber-1413,apal_pr_gCN4_cl103_fr4_AH_2019-07-02,4,AH,2-Jul-19,July,2019,Trip_3,CN4_Cluster_103_4_pr,84,apal,3_pr,pr,CN4,103,3,NA,greenyellow,maroon2,ivory3,maroon2,slategrey,24.9845627,-80.4166609,15.7
apal_pr_gCN4_cl103_fr5_AH_2019-07-02,bagnumber-1414,apal_pr_gCN4_cl103_fr5_AH_2019-07-02,5,AH,2-Jul-19,July,2019,Trip_3,CN4_Cluster_103_5_pr,85,apal,3_pr,pr,CN4,103,3,NA,greenyellow,maroon2,ivory3,maroon2,slategrey,24.9845627,-80.4166609,15.7
apal_pr_gCN4_cl103_fr7_AH_2019-07-02,bagnumber-1415,apal_pr_gCN4_cl103_fr7_AH_2019-07-02,7,AH,2-Jul-19,July,2019,Trip_3,CN4_Cluster_103_7_pr,86,apal,3_pr,pr,CN4,103,3,NA,greenyellow,maroon2,ivory3,maroon2,slategrey,24.9845627,-80.4166609,15.7
apal_pr_gCN4_cl98_fr3_AH_2019-07-02,bagnumber-1419,apal_pr_gCN4_cl98_fr3_AH_2019-07-02,3,AH,2-Jul-19,July,2019,Trip_3,CN4_Cluster_98_3_pr,87,apal,3_pr,pr,CN4,98,3,NA,greenyellow,maroon2,ivory3,maroon2,slategrey,24.9845608,-80.4166472,15.7
apal_pr_gCN4_cl98_fr4_AH_2019-07-02,bagnumber-1420,apal_pr_gCN4_cl98_fr4_AH_2019-07-02,4,AH,2-Jul-19,July,2019,Trip_3,CN4_Cluster_98_4_pr,88,apal,3_pr,pr,CN4,98,3,NA,greenyellow,maroon2,ivory3,maroon2,slategrey,24.9845608,-80.4166472,15.7
apal_pr_gCN4_cl98_fr7_AH_2019-07-02,bagnumber-1421,apal_pr_gCN4_cl98_fr7_AH_2019-07-02,7,AH,2-Jul-19,July,2019,Trip_3,CN4_Cluster_98_7_pr,89,apal,3_pr,pr,CN4,98,3,NA,greenyellow,maroon2,ivory3,maroon2,slategrey,24.9845608,-80.4166472,15.7
apal_pr_gCN2_cl81_fr3_AH_2019-07-02,bagnumber-1422,apal_pr_gCN2_cl81_fr3_AH_2019-07-02,3,AH,2-Jul-19,July,2019,Trip_3,CN2_Cluster_81_3_pr,90,apal,3_pr,pr,CN2,81,3,NA,greenyellow,blue4,maroon2,maroon2,slategrey,24.9845614,-80.4165913,17.7
apal_pr_gCN2_cl81_fr4_AH_2019-07-02,bagnumber-1423,apal_pr_gCN2_cl81_fr4_AH_2019-07-02,4,AH,2-Jul-19,July,2019,Trip_3,CN2_Cluster_81_4_pr,91,apal,3_pr,pr,CN2,81,3,NA,greenyellow,blue4,maroon2,maroon2,slategrey,24.9845614,-80.4165913,17.7
apal_pr_gCN2_cl81_fr6_AH_2019-07-02,bagnumber-1424,apal_pr_gCN2_cl81_fr6_AH_2019-07-02,6,AH,2-Jul-19,July,2019,Trip_3,CN2_Cluster_81_6_pr,92,apal,3_pr,pr,CN2,81,3,NA,greenyellow,blue4,maroon2,maroon2,slategrey,24.9845614,-80.4165913,17.7
apal_pr_gCN2_cl79_fr3_AH_2019-07-02,bagnumber-1425,apal_pr_gCN2_cl79_fr3_AH_2019-07-02,3,AH,2-Jul-19,July,2019,Trip_3,CN2_Cluster_79_3_pr,93,apal,3_pr,pr,CN2,79,3,NA,greenyellow,blue4,maroon2,maroon2,slategrey,24.9845458,-80.4165938,16.7
apal_pr_gCN2_cl79_fr4_AH_2019-07-02,bagnumber-1426,apal_pr_gCN2_cl79_fr4_AH_2019-07-02,4,AH,2-Jul-19,July,2019,Trip_3,CN2_Cluster_79_4_pr,94,apal,3_pr,pr,CN2,79,3,NA,greenyellow,blue4,maroon2,maroon2,slategrey,24.9845458,-80.4165938,16.7
apal_pr_gCN2_cl79_fr6_AH_2019-07-02,bagnumber-1427,apal_pr_gCN2_cl79_fr6_AH_2019-07-02,6,AH,2-Jul-19,July,2019,Trip_3,CN2_Cluster_79_6_pr,95,apal,3_pr,pr,CN2,79,3,NA,greenyellow,blue4,maroon2,maroon2,slategrey,24.9845458,-80.4165938,16.7
apal_pr_gCN2_cl75_fr3_AH_2019-07-02,bagnumber-1431,apal_pr_gCN2_cl75_fr3_AH_2019-07-02,3,AH,2-Jul-19,July,2019,Trip_3,CN2_Cluster_75_3_pr,96,apal,3_pr,pr,CN2,75,3,NA,greenyellow,blue4,maroon2,maroon2,slategrey,24.984544,-80.4165801,15.7
apal_pr_gCN2_cl75_fr4_AH_2019-07-02,bagnumber-1432,apal_pr_gCN2_cl75_fr4_AH_2019-07-02,4,AH,2-Jul-19,July,2019,Trip_3,CN2_Cluster_75_4_pr,97,apal,3_pr,pr,CN2,75,3,NA,greenyellow,blue4,maroon2,maroon2,slategrey,24.984544,-80.4165801,15.7
apal_pr_gCN2_cl75_fr7_AH_2019-07-02,bagnumber-1441,apal_pr_gCN2_cl75_fr7_AH_2019-07-02,7,AH,2-Jul-19,July,2019,Trip_3,CN2_Cluster_75_7_pr,98,apal,3_pr,pr,CN2,75,3,NA,greenyellow,blue4,maroon2,maroon2,slategrey,24.984544,-80.4165801,15.7
apal_cf_gHS1_cl17_fr3_AH_2019-09-25,bagnumber-1506,apal_cf_gHS1_cl17_fr3_AH_2019-09-25,3,AH,25-Sep-19,September,2019,Trip_4,HS1_Cluster_17_3_cf,100,apal,4_cf,cf,HS1,17,4,NA,blue4,greenyellow,mediumpurple,greenyellow,lightskyblue,25.220845,-80.2102483,17.8
apal_cf_gHS1_cl17_fr4_AH_2019-09-25,bagnumber-1507,apal_cf_gHS1_cl17_fr4_AH_2019-09-25,4,AH,25-Sep-19,September,2019,Trip_4,HS1_Cluster_17_4_cf,101,apal,4_cf,cf,HS1,17,4,NA,blue4,greenyellow,mediumpurple,greenyellow,lightskyblue,25.220845,-80.2102483,17.8
apal_cf_gHS1_cl17_fr5_AH_2019-09-25,bagnumber-1508,apal_cf_gHS1_cl17_fr5_AH_2019-09-25,5,AH,25-Sep-19,September,2019,Trip_4,HS1_Cluster_17_5_cf,102,apal,4_cf,cf,HS1,17,4,NA,blue4,greenyellow,mediumpurple,greenyellow,lightskyblue,25.220845,-80.2102483,17.8
apal_cf_gHS1_cl15_fr3_AH_2019-09-25,bagnumber-1510,apal_cf_gHS1_cl15_fr3_AH_2019-09-25,3,AH,25-Sep-19,September,2019,Trip_4,HS1_Cluster_15_3_cf,103,apal,4_cf,cf,HS1,15,4,NA,blue4,greenyellow,mediumpurple,greenyellow,lightskyblue,25.2208297,-80.2102237,17.6
apal_cf_gHS1_cl15_fr4_AH_2019-09-25,bagnumber-1511,apal_cf_gHS1_cl15_fr4_AH_2019-09-25,4,AH,25-Sep-19,September,2019,Trip_4,HS1_Cluster_15_4_cf,104,apal,4_cf,cf,HS1,15,4,NA,blue4,greenyellow,mediumpurple,greenyellow,lightskyblue,25.2208297,-80.2102237,17.6
apal_cf_gHS1_cl15_fr5_AH_2019-09-25,bagnumber-1512,apal_cf_gHS1_cl15_fr5_AH_2019-09-25,5,AH,25-Sep-19,September,2019,Trip_4,HS1_Cluster_15_5_cf,105,apal,4_cf,cf,HS1,15,4,NA,blue4,greenyellow,mediumpurple,greenyellow,lightskyblue,25.2208297,-80.2102237,17.6
apal_cf_gCN2_cl11_fr3_AH_2019-09-25,bagnumber-1513,apal_cf_gCN2_cl11_fr3_AH_2019-09-25,3,AH,25-Sep-19,September,2019,Trip_4,CN2_Cluster_11_3_cf,106,apal,4_cf,cf,CN2,11,4,NA,blue4,blue4,blue4,greenyellow,lightskyblue,25.2208448,-80.2102244,19.6
apal_cf_gCN2_cl11_fr4_AH_2019-09-25,bagnumber-1514,apal_cf_gCN2_cl11_fr4_AH_2019-09-25,4,AH,25-Sep-19,September,2019,Trip_4,CN2_Cluster_11_4_cf,107,apal,4_cf,cf,CN2,11,4,NA,blue4,blue4,blue4,greenyellow,lightskyblue,25.2208448,-80.2102244,19.6
apal_cf_gCN2_cl3_fr3_AH_2019-09-25,bagnumber-1515,apal_cf_gCN2_cl3_fr3_AH_2019-09-25,3,AH,25-Sep-19,September,2019,Trip_4,CN2_Cluster_3_3_cf,108,apal,4_cf,cf,CN2,3,4,NA,blue4,blue4,blue4,greenyellow,lightskyblue,25.22087,-80.2102176,20.6
apal_cf_gCN2_cl3_fr4_AH_2019-09-25,bagnumber-1516,apal_cf_gCN2_cl3_fr4_AH_2019-09-25,4,AH,25-Sep-19,September,2019,Trip_4,CN2_Cluster_3_4_cf,109,apal,4_cf,cf,CN2,3,4,NA,blue4,blue4,blue4,greenyellow,lightskyblue,25.22087,-80.2102176,20.6
apal_cf_gCN2_cl3_fr5_AH_2019-09-25,bagnumber-1517,apal_cf_gCN2_cl3_fr5_AH_2019-09-25,5,AH,25-Sep-19,September,2019,Trip_4,CN2_Cluster_3_5_cf,110,apal,4_cf,cf,CN2,3,4,NA,blue4,blue4,blue4,greenyellow,lightskyblue,25.22087,-80.2102176,20.6
apal_cf_gCN2_cl6_fr3_AH_2019-09-25,bagnumber-1518,apal_cf_gCN2_cl6_fr3_AH_2019-09-25,3,AH,25-Sep-19,September,2019,Trip_4,CN2_Cluster_6_3_cf,111,apal,4_cf,cf,CN2,6,4,NA,blue4,blue4,blue4,greenyellow,lightskyblue,25.2208498,-80.2102087,18.6
apal_cf_gCN2_cl6_fr4_AH_2019-09-25,bagnumber-1519,apal_cf_gCN2_cl6_fr4_AH_2019-09-25,4,AH,25-Sep-19,September,2019,Trip_4,CN2_Cluster_6_4_cf,112,apal,4_cf,cf,CN2,6,4,NA,blue4,blue4,blue4,greenyellow,lightskyblue,25.2208498,-80.2102087,18.6
apal_cf_gCN2_cl6_fr5_AH_2019-09-25,bagnumber-1520,apal_cf_gCN2_cl6_fr5_AH_2019-09-25,5,AH,25-Sep-19,September,2019,Trip_4,CN2_Cluster_6_5_cf,113,apal,4_cf,cf,CN2,6,4,NA,blue4,blue4,blue4,greenyellow,lightskyblue,25.2208498,-80.2102087,18.6
apal_cf_gCN2_cl6_fr5_D_2019-09-25,bagnumber-1581,apal_cf_gCN2_cl6_fr5_D_2019-09-25,5,D,25-Sep-19,September,2019,Trip_4,CN2_Cluster_6_5_cf,114,apal,4_cf,cf,CN2,6,4,NA,blue4,blue4,blue4,greenyellow,lightskyblue,25.2208498,-80.2102087,18.6
apal_ndr_gHS1_cl63_fr3_AH_2019-09-25,bagnumber-1585,apal_ndr_gHS1_cl63_fr3_AH_2019-09-25,3,AH,25-Sep-19,September,2019,Trip_4,HS1_Cluster_63_3_ndr,115,apal,4_ndr,ndr,HS1,63,4,NA,maroon2,greenyellow,olivedrab1,greenyellow,turquoise3,25.1302969,-80.2938556,12.6
apal_ndr_gHS1_cl63_fr4_AH_2019-09-25,bagnumber-1586,apal_ndr_gHS1_cl63_fr4_AH_2019-09-25,4,AH,25-Sep-19,September,2019,Trip_4,HS1_Cluster_63_4_ndr,116,apal,4_ndr,ndr,HS1,63,4,NA,maroon2,greenyellow,olivedrab1,greenyellow,turquoise3,25.1302969,-80.2938556,12.6
apal_ndr_gHS1_cl63_fr5_AH_2019-09-25,bagnumber-1587,apal_ndr_gHS1_cl63_fr5_AH_2019-09-25,5,AH,25-Sep-19,September,2019,Trip_4,HS1_Cluster_63_5_ndr,117,apal,4_ndr,ndr,HS1,63,4,NA,maroon2,greenyellow,olivedrab1,greenyellow,turquoise3,25.1302969,-80.2938556,12.6
apal_ndr_gCN2_cl57_fr3_AH_2019-09-25,bagnumber-1594,apal_ndr_gCN2_cl57_fr3_AH_2019-09-25,3,AH,25-Sep-19,September,2019,Trip_4,CN2_Cluster_57_3_ndr,118,apal,4_ndr,ndr,CN2,57,4,NA,maroon2,blue4,greenyellow,greenyellow,turquoise3,25.1303246,-80.2938481,10.7
apal_ndr_gCN2_cl57_fr4_AH_2019-09-25,bagnumber-1595,apal_ndr_gCN2_cl57_fr4_AH_2019-09-25,4,AH,25-Sep-19,September,2019,Trip_4,CN2_Cluster_57_4_ndr,119,apal,4_ndr,ndr,CN2,57,4,NA,maroon2,blue4,greenyellow,greenyellow,turquoise3,25.1303246,-80.2938481,10.7
apal_ndr_gCN2_cl57_fr5_AH_2019-09-25,bagnumber-1596,apal_ndr_gCN2_cl57_fr5_AH_2019-09-25,5,AH,25-Sep-19,September,2019,Trip_4,CN2_Cluster_57_5_ndr,120,apal,4_ndr,ndr,CN2,57,4,NA,maroon2,blue4,greenyellow,greenyellow,turquoise3,25.1303246,-80.2938481,10.7
apal_ndr_gCN4_cl32_fr3_AH_2019-09-25,bagnumber-1600,apal_ndr_gCN4_cl32_fr3_AH_2019-09-25,3,AH,25-Sep-19,September,2019,Trip_4,CN4_Cluster_32_3_ndr,121,apal,4_ndr,ndr,CN4,32,4,NA,maroon2,maroon2,lightskyblue,greenyellow,turquoise3,25.1303377,-80.2939212,11.7
apal_ndr_gCN4_cl32_fr4_AH_2019-09-25,bagnumber-1641,apal_ndr_gCN4_cl32_fr4_AH_2019-09-25,4,AH,25-Sep-19,September,2019,Trip_4,CN4_Cluster_32_4_ndr,122,apal,4_ndr,ndr,CN4,32,4,NA,maroon2,maroon2,lightskyblue,greenyellow,turquoise3,25.1303377,-80.2939212,11.7
apal_ndr_gCN4_cl32_fr5_AH_2019-09-25,bagnumber-1642,apal_ndr_gCN4_cl32_fr5_AH_2019-09-25,5,AH,25-Sep-19,September,2019,Trip_4,CN4_Cluster_32_5_ndr,123,apal,4_ndr,ndr,CN4,32,4,NA,maroon2,maroon2,lightskyblue,greenyellow,turquoise3,25.1303377,-80.2939212,11.7
apal_ndr_gCN4_cl38_fr3_AH_2019-09-25,bagnumber-1643,apal_ndr_gCN4_cl38_fr3_AH_2019-09-25,3,AH,25-Sep-19,September,2019,Trip_4,CN4_Cluster_38_3_ndr,124,apal,4_ndr,ndr,CN4,38,4,NA,maroon2,maroon2,lightskyblue,greenyellow,turquoise3,25.1303348,-80.2939119,12.7
apal_ndr_gCN4_cl38_fr4_AH_2019-09-25,bagnumber-1644,apal_ndr_gCN4_cl38_fr4_AH_2019-09-25,4,AH,25-Sep-19,September,2019,Trip_4,CN4_Cluster_38_4_ndr,125,apal,4_ndr,ndr,CN4,38,4,NA,maroon2,maroon2,lightskyblue,greenyellow,turquoise3,25.1303348,-80.2939119,12.7
apal_ndr_gCN4_cl38_fr6_AH_2019-09-25,bagnumber-1645,apal_ndr_gCN4_cl38_fr6_AH_2019-09-25,6,AH,25-Sep-19,September,2019,Trip_4,CN4_Cluster_38_6_ndr,126,apal,4_ndr,ndr,CN4,38,4,NA,maroon2,maroon2,lightskyblue,greenyellow,turquoise3,25.1303348,-80.2939119,12.7
apal_ndr_gML2_cl26_fr4_AH_2019-09-25,bagnumber-1647,apal_ndr_gML2_cl26_fr4_AH_2019-09-25,4,AH,25-Sep-19,September,2019,Trip_4,ML2_Cluster_26_4_ndr,127,apal,4_ndr,ndr,ML2,26,4,NA,maroon2,orangered,turquoise3,greenyellow,turquoise3,25.1303151,-80.2939404,11.8
apal_ndr_gML2_cl26_fr5_AH_2019-09-25,bagnumber-1648,apal_ndr_gML2_cl26_fr5_AH_2019-09-25,5,AH,25-Sep-19,September,2019,Trip_4,ML2_Cluster_26_5_ndr,128,apal,4_ndr,ndr,ML2,26,4,NA,maroon2,orangered,turquoise3,greenyellow,turquoise3,25.1303151,-80.2939404,11.8
apal_ndr_gML2_cl23_frB_AH_2019-09-25,bagnumber-1649,apal_ndr_gML2_cl23_frB_AH_2019-09-25,B,AH,25-Sep-19,September,2019,Trip_4,ML2_Cluster_23_B_ndr,129,apal,4_ndr,ndr,ML2,23,4,NA,maroon2,orangered,turquoise3,greenyellow,turquoise3,25.1303352,-80.2939432,12.8
apal_ndr_gML2_cl23_fr6_AH_2019-09-25,bagnumber-1650,apal_ndr_gML2_cl23_fr6_AH_2019-09-25,6,AH,25-Sep-19,September,2019,Trip_4,ML2_Cluster_23_6_ndr,130,apal,4_ndr,ndr,ML2,23,4,NA,maroon2,orangered,turquoise3,greenyellow,turquoise3,25.1303352,-80.2939432,12.8
apal_ndr_gML2_cl23_fr7_AH_2019-09-25,bagnumber-1651,apal_ndr_gML2_cl23_fr7_AH_2019-09-25,7,AH,25-Sep-19,September,2019,Trip_4,ML2_Cluster_23_7_ndr,131,apal,4_ndr,ndr,ML2,23,4,NA,maroon2,orangered,turquoise3,greenyellow,turquoise3,25.1303352,-80.2939432,12.8
apal_ndr_gML2_cl18_fr3_AH_2019-09-25,bagnumber-1652,apal_ndr_gML2_cl18_fr3_AH_2019-09-25,3,AH,25-Sep-19,September,2019,Trip_4,ML2_Cluster_18_3_ndr,132,apal,4_ndr,ndr,ML2,18,4,NA,maroon2,orangered,turquoise3,greenyellow,turquoise3,25.1303496,-80.2939585,11.8
apal_ndr_gML2_cl18_fr4_AH_2019-09-25,bagnumber-1653,apal_ndr_gML2_cl18_fr4_AH_2019-09-25,4,AH,25-Sep-19,September,2019,Trip_4,ML2_Cluster_18_4_ndr,133,apal,4_ndr,ndr,ML2,18,4,NA,maroon2,orangered,turquoise3,greenyellow,turquoise3,25.1303496,-80.2939585,11.8
apal_ndr_gML2_cl18_fr5_AH_2019-09-25,bagnumber-1654,apal_ndr_gML2_cl18_fr5_AH_2019-09-25,5,AH,25-Sep-19,September,2019,Trip_4,ML2_Cluster_18_5_ndr,134,apal,4_ndr,ndr,ML2,18,4,NA,maroon2,orangered,turquoise3,greenyellow,turquoise3,25.1303496,-80.2939585,11.8
apal_ndr_gCN1_cl17_fr4_AH_2019-09-25,bagnumber-1656,apal_ndr_gCN1_cl17_fr4_AH_2019-09-25,4,AH,25-Sep-19,September,2019,Trip_4,CN1_Cluster_17_4_ndr,135,apal,4_ndr,ndr,ML2,26,4,NA,maroon2,orangered,turquoise3,greenyellow,turquoise3,NA,NA,NA
apal_ndr_gHS1_cl70_fr3_AH_2019-09-25,bagnumber-1682,apal_ndr_gHS1_cl70_fr3_AH_2019-09-25,3,AH,25-Sep-19,September,2019,Trip_4,HS1_Cluster_70_3_ndr,136,apal,4_ndr,ndr,HS1,70,4,NA,maroon2,greenyellow,olivedrab1,greenyellow,turquoise3,25.1302873,-80.2938389,12.6
apal_ndr_gHS1_cl70_fr4_AH_2019-09-25,bagnumber-1683,apal_ndr_gHS1_cl70_fr4_AH_2019-09-25,4,AH,25-Sep-19,September,2019,Trip_4,HS1_Cluster_70_4_ndr,137,apal,4_ndr,ndr,HS1,70,4,NA,maroon2,greenyellow,olivedrab1,greenyellow,turquoise3,25.1302873,-80.2938389,12.6
apal_ndr_gHS1_cl67_fr6_AH_2019-09-25,bagnumber-1689,apal_ndr_gHS1_cl67_fr6_AH_2019-09-25,6,AH,25-Sep-19,September,2019,Trip_4,HS1_Cluster_67_6_ndr,139,apal,4_ndr,ndr,HS1,67,4,NA,maroon2,greenyellow,olivedrab1,greenyellow,turquoise3,25.1303102,-80.293823,12.6
apal_ndr_gCN2_cl65_fr3_AH_2019-09-25,bagnumber-1691,apal_ndr_gCN2_cl65_fr3_AH_2019-09-25,3,AH,25-Sep-19,September,2019,Trip_4,CN2_Cluster_65_3_ndr,141,apal,4_ndr,ndr,CN2,65,4,NA,maroon2,blue4,greenyellow,greenyellow,turquoise3,25.1303122,-80.293845,11.6
apal_ndr_gCN2_cl65_fr6_AH_2019-09-25,bagnumber-1692,apal_ndr_gCN2_cl65_fr6_AH_2019-09-25,6,AH,25-Sep-19,September,2019,Trip_4,CN2_Cluster_65_6_ndr,142,apal,4_ndr,ndr,CN2,65,4,NA,maroon2,blue4,greenyellow,greenyellow,turquoise3,25.1303122,-80.293845,11.6
apal_ndr_gCN2_cl65_fr7_AH_2019-09-25,bagnumber-1693,apal_ndr_gCN2_cl65_fr7_AH_2019-09-25,7,AH,25-Sep-19,September,2019,Trip_4,CN2_Cluster_65_7_ndr,143,apal,4_ndr,ndr,CN2,65,4,NA,maroon2,blue4,greenyellow,greenyellow,turquoise3,25.1303122,-80.293845,11.6
apal_pr_gCN4_cl72_frA_AH_2019-09-26,bagnumber-1694,apal_pr_gCN4_cl72_frA_AH_2019-09-26,A,AH,26-Sep-19,September,2019,Trip_4,CN4_Cluster_72_A_pr,144,apal,4_pr,pr,CN4,72,4,NA,greenyellow,maroon2,ivory3,greenyellow,ivory3,24.9845657,-80.4165627,17.7
apal_pr_gCN4_cl72_fr3_AH_2019-09-26,bagnumber-1695,apal_pr_gCN4_cl72_fr3_AH_2019-09-26,3,AH,26-Sep-19,September,2019,Trip_4,CN4_Cluster_72_3_pr,145,apal,4_pr,pr,CN4,72,4,NA,greenyellow,maroon2,ivory3,greenyellow,ivory3,24.9845657,-80.4165627,17.7
apal_pr_gCN4_cl72_fr5_AH_2019-09-26,bagnumber-1696,apal_pr_gCN4_cl72_fr5_AH_2019-09-26,5,AH,26-Sep-19,September,2019,Trip_4,CN4_Cluster_72_5_pr,146,apal,4_pr,pr,CN4,72,4,NA,greenyellow,maroon2,ivory3,greenyellow,ivory3,24.9845657,-80.4165627,17.7
apal_pr_gCN2_cl65_fr4_AH_2019-09-26,bagnumber-1700,apal_pr_gCN2_cl65_fr4_AH_2019-09-26,4,AH,26-Sep-19,September,2019,Trip_4,CN2_Cluster_65_4_pr,147,apal,4_pr,pr,CN2,65,4,NA,greenyellow,blue4,maroon2,greenyellow,ivory3,NA,NA,NA
apal_ndr_gCN2_cl15_fr3_AH_2019-09-25,bagnumber-1702,apal_ndr_gCN2_cl15_fr3_AH_2019-09-25,3,AH,25-Sep-19,September,2019,Trip_4,CN2_Cluster_15_3_ndr,148,apal,4_ndr,ndr,CN2,15,4,NA,maroon2,blue4,greenyellow,greenyellow,turquoise3,25.1303356,-80.2939744,11.8
apal_ndr_gCN2_cl15_fr5_AH_2019-09-25,bagnumber-1703,apal_ndr_gCN2_cl15_fr5_AH_2019-09-25,5,AH,25-Sep-19,September,2019,Trip_4,CN2_Cluster_15_5_ndr,149,apal,4_ndr,ndr,CN2,15,4,NA,maroon2,blue4,greenyellow,greenyellow,turquoise3,25.1303356,-80.2939744,11.8
apal_ndr_gCN2_cl15_fr6_AH_2019-09-25,bagnumber-1704,apal_ndr_gCN2_cl15_fr6_AH_2019-09-25,6,AH,25-Sep-19,September,2019,Trip_4,CN2_Cluster_15_6_ndr,150,apal,4_ndr,ndr,CN2,15,4,NA,maroon2,blue4,greenyellow,greenyellow,turquoise3,25.1303356,-80.2939744,11.8
apal_pr_gHS1_cl112_fr3_AH_2019-09-26,bagnumber-1717,apal_pr_gHS1_cl112_fr3_AH_2019-09-26,3,AH,26-Sep-19,September,2019,Trip_4,HS1_Cluster_112_3_pr,151,apal,4_pr,pr,HS1,112,4,NA,greenyellow,greenyellow,black,greenyellow,ivory3,24.9845578,-80.4166775,16.8
apal_pr_gHS1_cl112_fr4_AH_2019-09-26,bagnumber-1718,apal_pr_gHS1_cl112_fr4_AH_2019-09-26,4,AH,26-Sep-19,September,2019,Trip_4,HS1_Cluster_112_4_pr,152,apal,4_pr,pr,HS1,112,4,NA,greenyellow,greenyellow,black,greenyellow,ivory3,24.9845578,-80.4166775,16.8
apal_pr_gHS1_cl112_fr6_AH_2019-09-26,bagnumber-1719,apal_pr_gHS1_cl112_fr6_AH_2019-09-26,6,AH,26-Sep-19,September,2019,Trip_4,HS1_Cluster_112_6_pr,153,apal,4_pr,pr,HS1,112,4,NA,greenyellow,greenyellow,black,greenyellow,ivory3,24.9845578,-80.4166775,16.8
apal_pr_gHS1_cl108_fr4_AH_2019-09-26,bagnumber-1720,apal_pr_gHS1_cl108_fr4_AH_2019-09-26,4,AH,26-Sep-19,September,2019,Trip_4,HS1_Cluster_108_4_pr,154,apal,4_pr,pr,HS1,108,4,NA,greenyellow,greenyellow,black,greenyellow,ivory3,24.9845645,-80.4166745,16.8
apal_pr_gCN2_cl65_fr5_AH_2019-09-26,bagnumber-1721,apal_pr_gCN2_cl65_fr5_AH_2019-09-26,5,AH,26-Sep-19,September,2019,Trip_4,CN2_Cluster_65_5_pr,155,apal,4_pr,pr,CN2,65,4,NA,greenyellow,blue4,maroon2,greenyellow,ivory3,NA,NA,NA
apal_pr_gCN2_cl65_fr6_AH_2019-09-26,bagnumber-1722,apal_pr_gCN2_cl65_fr6_AH_2019-09-26,6,AH,26-Sep-19,September,2019,Trip_4,CN2_Cluster_65_6_pr,156,apal,4_pr,pr,CN2,65,4,NA,greenyellow,blue4,maroon2,greenyellow,ivory3,NA,NA,NA
apal_pr_gML2_cl64_fr4_AH_2019-09-26,bagnumber-1723,apal_pr_gML2_cl64_fr4_AH_2019-09-26,4,AH,26-Sep-19,September,2019,Trip_4,ML2_Cluster_64_4_pr,157,apal,4_pr,pr,ML2,64,4,NA,greenyellow,orangered,slategrey,greenyellow,ivory3,24.9845404,-80.4165528,16.7
apal_pr_gML2_cl64_fr5_AH_2019-09-26,bagnumber-1724,apal_pr_gML2_cl64_fr5_AH_2019-09-26,5,AH,26-Sep-19,September,2019,Trip_4,ML2_Cluster_64_5_pr,158,apal,4_pr,pr,ML2,64,4,NA,greenyellow,orangered,slategrey,greenyellow,ivory3,24.9845404,-80.4165528,16.7
apal_pr_gML2_cl64_fr6_AH_2019-09-26,bagnumber-1725,apal_pr_gML2_cl64_fr6_AH_2019-09-26,6,AH,26-Sep-19,September,2019,Trip_4,ML2_Cluster_64_6_pr,159,apal,4_pr,pr,ML2,64,4,NA,greenyellow,orangered,slategrey,greenyellow,ivory3,24.9845404,-80.4165528,16.7
apal_pr_gML2_cl58_frB_AH_2019-09-26,bagnumber-1726,apal_pr_gML2_cl58_frB_AH_2019-09-26,B,AH,26-Sep-19,September,2019,Trip_4,ML2_Cluster_58_B_pr,160,apal,4_pr,pr,ML2,58,4,NA,greenyellow,orangered,slategrey,greenyellow,ivory3,24.9845308,-80.4165403,18.7
apal_pr_gML2_cl58_fr6_AH_2019-09-26,bagnumber-1728,apal_pr_gML2_cl58_fr6_AH_2019-09-26,6,AH,26-Sep-19,September,2019,Trip_4,ML2_Cluster_58_6_pr,162,apal,4_pr,pr,ML2,58,4,NA,greenyellow,orangered,slategrey,greenyellow,ivory3,24.9845308,-80.4165403,18.7
apal_pr_gHS1_cl108_fr5_AH_2019-09-26,bagnumber-1741,apal_pr_gHS1_cl108_fr5_AH_2019-09-26,5,AH,26-Sep-19,September,2019,Trip_4,HS1_Cluster_108_5_pr,163,apal,4_pr,pr,HS1,108,4,NA,greenyellow,greenyellow,black,greenyellow,ivory3,24.9845645,-80.4166745,16.8
apal_pr_gHS1_cl108_fr6_AH_2019-09-26,bagnumber-1742,apal_pr_gHS1_cl108_fr6_AH_2019-09-26,6,AH,26-Sep-19,September,2019,Trip_4,HS1_Cluster_108_6_pr,164,apal,4_pr,pr,HS1,108,4,NA,greenyellow,greenyellow,black,greenyellow,ivory3,24.9845645,-80.4166745,16.8
apal_pr_gHS1_cl106_fr3_AH_2019-09-26,bagnumber-1743,apal_pr_gHS1_cl106_fr3_AH_2019-09-26,3,AH,26-Sep-19,September,2019,Trip_4,HS1_Cluster_106_3_pr,165,apal,4_pr,pr,HS1,106,4,NA,greenyellow,greenyellow,black,greenyellow,ivory3,24.9845488,-80.416677,18.7
apal_pr_gHS1_cl106_fr4_AH_2019-09-26,bagnumber-1744,apal_pr_gHS1_cl106_fr4_AH_2019-09-26,4,AH,26-Sep-19,September,2019,Trip_4,HS1_Cluster_106_4_pr,166,apal,4_pr,pr,HS1,106,4,NA,greenyellow,greenyellow,black,greenyellow,ivory3,24.9845488,-80.416677,18.7
apal_pr_gCN4_cl103_fr4_AH_2019-09-26,bagnumber-1748,apal_pr_gCN4_cl103_fr4_AH_2019-09-26,4,AH,26-Sep-19,September,2019,Trip_4,CN4_Cluster_103_4_pr,167,apal,4_pr,pr,CN4,103,4,NA,greenyellow,maroon2,ivory3,greenyellow,ivory3,24.9845627,-80.4166609,15.7
apal_pr_gCN4_cl103_fr5_AH_2019-09-26,bagnumber-1749,apal_pr_gCN4_cl103_fr5_AH_2019-09-26,5,AH,26-Sep-19,September,2019,Trip_4,CN4_Cluster_103_5_pr,168,apal,4_pr,pr,CN4,103,4,NA,greenyellow,maroon2,ivory3,greenyellow,ivory3,24.9845627,-80.4166609,15.7
apal_pr_gCN4_cl103_fr7_AH_2019-09-26,bagnumber-1750,apal_pr_gCN4_cl103_fr7_AH_2019-09-26,7,AH,26-Sep-19,September,2019,Trip_4,CN4_Cluster_103_7_pr,169,apal,4_pr,pr,CN4,103,4,NA,greenyellow,maroon2,ivory3,greenyellow,ivory3,24.9845627,-80.4166609,15.7
apal_pr_gCN4_cl98_fr4_AH_2019-09-26,bagnumber-1754,apal_pr_gCN4_cl98_fr4_AH_2019-09-26,4,AH,26-Sep-19,September,2019,Trip_4,CN4_Cluster_98_4_pr,170,apal,4_pr,pr,CN4,98,4,NA,greenyellow,maroon2,ivory3,greenyellow,ivory3,24.9845608,-80.4166472,15.7
apal_pr_gCN4_cl98_fr7_AH_2019-09-26,bagnumber-1755,apal_pr_gCN4_cl98_fr7_AH_2019-09-26,7,AH,26-Sep-19,September,2019,Trip_4,CN4_Cluster_98_7_pr,171,apal,4_pr,pr,CN4,98,4,NA,greenyellow,maroon2,ivory3,greenyellow,ivory3,24.9845608,-80.4166472,15.7
apal_pr_gCN4_cl98_fr4_D_2019-09-26,bagnumber-1756,apal_pr_gCN4_cl98_fr4_D_2019-09-26,4,D,26-Sep-19,September,2019,Trip_4,CN4_Cluster_98_4_pr,172,apal,4_pr,pr,CN4,98,4,NA,greenyellow,maroon2,ivory3,greenyellow,ivory3,24.9845608,-80.4166472,15.7
apal_pr_gCN4_cl98_fr3_AH_2019-09-26,bagnumber-1757,apal_pr_gCN4_cl98_fr3_AH_2019-09-26,3,AH,26-Sep-19,September,2019,Trip_4,CN4_Cluster_98_3_pr,173,apal,4_pr,pr,CN4,98,4,NA,greenyellow,maroon2,ivory3,greenyellow,ivory3,24.9845608,-80.4166472,15.7
apal_pr_gCN2_cl81_fr4_AH_2019-09-26,bagnumber-1759,apal_pr_gCN2_cl81_fr4_AH_2019-09-26,4,AH,26-Sep-19,September,2019,Trip_4,CN2_Cluster_81_4_pr,175,apal,4_pr,pr,CN2,81,4,NA,greenyellow,blue4,maroon2,greenyellow,ivory3,24.9845614,-80.4165913,17.7
apal_pr_gCN2_cl81_fr6_AH_2019-09-26,bagnumber-1760,apal_pr_gCN2_cl81_fr6_AH_2019-09-26,6,AH,26-Sep-19,September,2019,Trip_4,CN2_Cluster_81_6_pr,176,apal,4_pr,pr,CN2,81,4,NA,greenyellow,blue4,maroon2,greenyellow,ivory3,24.9845614,-80.4165913,17.7
apal_pr_gCN2_cl75_fr3_AH_2019-09-26,bagnumber-1824,apal_pr_gCN2_cl75_fr3_AH_2019-09-26,3,AH,26-Sep-19,September,2019,Trip_4,CN2_Cluster_75_3_pr,177,apal,4_pr,pr,CN2,75,4,NA,greenyellow,blue4,maroon2,greenyellow,ivory3,24.984544,-80.4165801,15.7
apal_pr_gCN2_cl75_fr4_AH_2019-09-26,bagnumber-1825,apal_pr_gCN2_cl75_fr4_AH_2019-09-26,4,AH,26-Sep-19,September,2019,Trip_4,CN2_Cluster_75_4_pr,178,apal,4_pr,pr,CN2,75,4,NA,greenyellow,blue4,maroon2,greenyellow,ivory3,24.984544,-80.4165801,15.7
apal_pr_gCN2_cl75_fr7_AH_2019-09-26,bagnumber-1826,apal_pr_gCN2_cl75_fr7_AH_2019-09-26,7,AH,26-Sep-19,September,2019,Trip_4,CN2_Cluster_75_7_pr,179,apal,4_pr,pr,CN2,75,4,NA,greenyellow,blue4,maroon2,greenyellow,ivory3,24.984544,-80.4165801,15.7
apal_pr_gCN2_cl79_fr3_AH_2019-09-26,bagnumber-1827,apal_pr_gCN2_cl79_fr3_AH_2019-09-26,3,AH,26-Sep-19,September,2019,Trip_4,CN2_Cluster_79_3_pr,180,apal,4_pr,pr,CN2,79,4,NA,greenyellow,blue4,maroon2,greenyellow,ivory3,24.9845458,-80.4165938,16.7
apal_pr_gCN2_cl79_fr4_AH_2019-09-26,bagnumber-1828,apal_pr_gCN2_cl79_fr4_AH_2019-09-26,4,AH,26-Sep-19,September,2019,Trip_4,CN2_Cluster_79_4_pr,181,apal,4_pr,pr,CN2,79,4,NA,greenyellow,blue4,maroon2,greenyellow,ivory3,24.9845458,-80.4165938,16.7
apal_pr_gCN2_cl79_fr6_AH_2019-09-26,bagnumber-1829,apal_pr_gCN2_cl79_fr6_AH_2019-09-26,6,AH,26-Sep-19,September,2019,Trip_4,CN2_Cluster_79_6_pr,182,apal,4_pr,pr,CN2,79,4,NA,greenyellow,blue4,maroon2,greenyellow,ivory3,24.9845458,-80.4165938,16.7
apal_pr_gHS1_cl106_fr7_AH_2019-11-18,bagnumber-1881,apal_pr_gHS1_cl106_fr7_AH_2019-11-18,7,AH,18-Nov-19,November,2019,Trip_5,HS1_Cluster_106_7_pr,183,apal,5_pr,pr,HS1,106,5,NA,greenyellow,greenyellow,black,orangered,mediumpurple,24.9845488,-80.416677,18.7
apal_pr_gCN4_cl103_fr4_AH_2019-11-18,bagnumber-1886,apal_pr_gCN4_cl103_fr4_AH_2019-11-18,4,AH,18-Nov-19,November,2019,Trip_5,CN4_Cluster_103_4_pr,184,apal,5_pr,pr,CN4,103,5,NA,greenyellow,maroon2,ivory3,orangered,mediumpurple,24.9845627,-80.4166609,15.7
apal_pr_gCN4_cl103_fr5_AH_2019-11-18,bagnumber-1887,apal_pr_gCN4_cl103_fr5_AH_2019-11-18,5,AH,18-Nov-19,November,2019,Trip_5,CN4_Cluster_103_5_pr,185,apal,5_pr,pr,CN4,103,5,NA,greenyellow,maroon2,ivory3,orangered,mediumpurple,24.9845627,-80.4166609,15.7
apal_pr_gCN4_cl98_fr3_AH_2019-11-18,bagnumber-1892,apal_pr_gCN4_cl98_fr3_AH_2019-11-18,3,AH,18-Nov-19,November,2019,Trip_5,CN4_Cluster_98_3_pr,187,apal,5_pr,pr,CN4,98,5,NA,greenyellow,maroon2,ivory3,orangered,mediumpurple,24.9845608,-80.4166472,15.7
apal_pr_gCN4_cl98_fr4_AH_2019-11-18,bagnumber-1893,apal_pr_gCN4_cl98_fr4_AH_2019-11-18,4,AH,18-Nov-19,November,2019,Trip_5,CN4_Cluster_98_4_pr,188,apal,5_pr,pr,CN4,98,5,NA,greenyellow,maroon2,ivory3,orangered,mediumpurple,24.9845608,-80.4166472,15.7
apal_pr_gCN4_cl98_fr7_AH_2019-11-18,bagnumber-1894,apal_pr_gCN4_cl98_fr7_AH_2019-11-18,7,AH,18-Nov-19,November,2019,Trip_5,CN4_Cluster_98_7_pr,189,apal,5_pr,pr,CN4,98,5,NA,greenyellow,maroon2,ivory3,orangered,mediumpurple,24.9845608,-80.4166472,15.7
apal_pr_gCN2_cl81_fr3_AH_2019-11-18,bagnumber-1895,apal_pr_gCN2_cl81_fr3_AH_2019-11-18,3,AH,18-Nov-19,November,2019,Trip_5,CN2_Cluster_81_3_pr,190,apal,5_pr,pr,CN2,81,5,NA,greenyellow,blue4,maroon2,orangered,mediumpurple,24.9845614,-80.4165913,17.7
apal_pr_gCN2_cl81_fr4_AH_2019-11-18,bagnumber-1896,apal_pr_gCN2_cl81_fr4_AH_2019-11-18,4,AH,18-Nov-19,November,2019,Trip_5,CN2_Cluster_81_4_pr,191,apal,5_pr,pr,CN2,81,5,NA,greenyellow,blue4,maroon2,orangered,mediumpurple,24.9845614,-80.4165913,17.7
apal_pr_gCN2_cl81_fr6_AH_2019-11-18,bagnumber-1897,apal_pr_gCN2_cl81_fr6_AH_2019-11-18,6,AH,18-Nov-19,November,2019,Trip_5,CN2_Cluster_81_6_pr,192,apal,5_pr,pr,CN2,81,5,NA,greenyellow,blue4,maroon2,orangered,mediumpurple,24.9845614,-80.4165913,17.7
apal_pr_gCN2_cl79_fr3_AH_2019-11-18,bagnumber-1898,apal_pr_gCN2_cl79_fr3_AH_2019-11-18,3,AH,18-Nov-19,November,2019,Trip_5,CN2_Cluster_79_3_pr,193,apal,5_pr,pr,CN2,79,5,NA,greenyellow,blue4,maroon2,orangered,mediumpurple,24.9845458,-80.4165938,16.7
apal_pr_gCN2_cl79_fr4_AH_2019-11-18,bagnumber-1899,apal_pr_gCN2_cl79_fr4_AH_2019-11-18,4,AH,18-Nov-19,November,2019,Trip_5,CN2_Cluster_79_4_pr,194,apal,5_pr,pr,CN2,79,5,NA,greenyellow,blue4,maroon2,orangered,mediumpurple,24.9845458,-80.4165938,16.7
apal_pr_gHS1_cl112_fr3_AH_2019-11-18,bagnumber-1991,apal_pr_gHS1_cl112_fr3_AH_2019-11-18,3,AH,18-Nov-19,November,2019,Trip_5,HS1_Cluster_112_3_pr,196,apal,5_pr,pr,HS1,112,5,NA,greenyellow,greenyellow,black,orangered,mediumpurple,24.9845578,-80.4166775,16.8
apal_pr_gHS1_cl112_fr4_AH_2019-11-18,bagnumber-1992,apal_pr_gHS1_cl112_fr4_AH_2019-11-18,4,AH,18-Nov-19,November,2019,Trip_5,HS1_Cluster_112_4_pr,197,apal,5_pr,pr,HS1,112,5,NA,greenyellow,greenyellow,black,orangered,mediumpurple,24.9845578,-80.4166775,16.8
apal_pr_gHS1_cl112_fr6_AH_2019-11-18,bagnumber-1993,apal_pr_gHS1_cl112_fr6_AH_2019-11-18,6,AH,18-Nov-19,November,2019,Trip_5,HS1_Cluster_112_6_pr,198,apal,5_pr,pr,HS1,112,5,NA,greenyellow,greenyellow,black,orangered,mediumpurple,24.9845578,-80.4166775,16.8
apal_pr_gHS1_cl108_fr4_AH_2019-11-18,bagnumber-1994,apal_pr_gHS1_cl108_fr4_AH_2019-11-18,4,AH,18-Nov-19,November,2019,Trip_5,HS1_Cluster_108_4_pr,199,apal,5_pr,pr,HS1,108,5,NA,greenyellow,greenyellow,black,orangered,mediumpurple,24.9845645,-80.4166745,16.8
apal_pr_gHS1_cl108_fr5_AH_2019-11-18,bagnumber-1995,apal_pr_gHS1_cl108_fr5_AH_2019-11-18,5,AH,18-Nov-19,November,2019,Trip_5,HS1_Cluster_108_5_pr,200,apal,5_pr,pr,HS1,108,5,NA,greenyellow,greenyellow,black,orangered,mediumpurple,24.9845645,-80.4166745,16.8
apal_pr_gHS1_cl108_fr6_AH_2019-11-18,bagnumber-1996,apal_pr_gHS1_cl108_fr6_AH_2019-11-18,6,AH,18-Nov-19,November,2019,Trip_5,HS1_Cluster_108_6_pr,201,apal,5_pr,pr,HS1,108,5,NA,greenyellow,greenyellow,black,orangered,mediumpurple,24.9845645,-80.4166745,16.8
apal_pr_gHS1_cl108_fr3_AH_2019-11-18,bagnumber-1997,apal_pr_gHS1_cl108_fr3_AH_2019-11-18,3,AH,18-Nov-19,November,2019,Trip_5,HS1_Cluster_108_3_pr,202,apal,5_pr,pr,HS1,108,5,NA,greenyellow,greenyellow,black,orangered,mediumpurple,24.9845645,-80.4166745,16.8
apal_pr_gHS1_cl106_fr3_AH_2019-11-18,bagnumber-1998,apal_pr_gHS1_cl106_fr3_AH_2019-11-18,3,AH,18-Nov-19,November,2019,Trip_5,HS1_Cluster_106_3_pr,203,apal,5_pr,pr,HS1,106,5,NA,greenyellow,greenyellow,black,orangered,mediumpurple,24.9845488,-80.416677,18.7
apal_pr_gHS1_cl106_fr4_AH_2019-11-18,bagnumber-1999,apal_pr_gHS1_cl106_fr4_AH_2019-11-18,4,AH,18-Nov-19,November,2019,Trip_5,HS1_Cluster_106_4_pr,204,apal,5_pr,pr,HS1,106,5,NA,greenyellow,greenyellow,black,orangered,mediumpurple,24.9845488,-80.416677,18.7
apal_pr_gHS1_cl106_fr5_AH_2019-11-18,bagnumber-2000,apal_pr_gHS1_cl106_fr5_AH_2019-11-18,5,AH,18-Nov-19,November,2019,Trip_5,HS1_Cluster_106_5_pr,205,apal,5_pr,pr,HS1,106,5,NA,greenyellow,greenyellow,black,orangered,mediumpurple,24.9845488,-80.416677,18.7
apal_cf_gML2_cl78_frB_AH_2019-11-19,bagnumber-2025,apal_cf_gML2_cl78_frB_AH_2019-11-19,B,AH,19-Nov-19,November,2019,Trip_5,ML2_Cluster_78_B_cf,206,apal,5_cf,cf,ML2,78,5,NA,blue4,orangered,yellow3,orangered,yellow3,25.2206999,-80.2103693,20.9
apal_cf_gHS1_cl18_frB_AH_2019-11-19,bagnumber-2026,apal_cf_gHS1_cl18_frB_AH_2019-11-19,B,AH,19-Nov-19,November,2019,Trip_5,HS1_Cluster_18_B_cf,207,apal,5_cf,cf,HS1,18,5,NA,blue4,greenyellow,mediumpurple,orangered,yellow3,25.2208501,-80.2102565,18.8
apal_cf_gHS1_cl18_fr3_AH_2019-11-19,bagnumber-2027,apal_cf_gHS1_cl18_fr3_AH_2019-11-19,3,AH,19-Nov-19,November,2019,Trip_5,HS1_Cluster_18_3_cf,208,apal,5_cf,cf,HS1,18,5,NA,blue4,greenyellow,mediumpurple,orangered,yellow3,25.2208501,-80.2102565,18.8
apal_cf_gHS1_cl18_fr6_AH_2019-11-19,bagnumber-2028,apal_cf_gHS1_cl18_fr6_AH_2019-11-19,6,AH,19-Nov-19,November,2019,Trip_5,HS1_Cluster_18_6_cf,209,apal,5_cf,cf,HS1,18,5,NA,blue4,greenyellow,mediumpurple,orangered,yellow3,25.2208501,-80.2102565,18.8
apal_cf_gHS1_cl17_fr3_AH_2019-11-19,bagnumber-2029,apal_cf_gHS1_cl17_fr3_AH_2019-11-19,3,AH,19-Nov-19,November,2019,Trip_5,HS1_Cluster_17_3_cf,210,apal,5_cf,cf,HS1,17,5,NA,blue4,greenyellow,mediumpurple,orangered,yellow3,25.220845,-80.2102483,17.8
apal_cf_gHS1_cl17_fr4_AH_2019-11-19,bagnumber-2030,apal_cf_gHS1_cl17_fr4_AH_2019-11-19,4,AH,19-Nov-19,November,2019,Trip_5,HS1_Cluster_17_4_cf,211,apal,5_cf,cf,HS1,17,5,NA,blue4,greenyellow,mediumpurple,orangered,yellow3,25.220845,-80.2102483,17.8
apal_cf_gHS1_cl15_frB_AH_2019-11-19,bagnumber-2033,apal_cf_gHS1_cl15_frB_AH_2019-11-19,B,AH,19-Nov-19,November,2019,Trip_5,HS1_Cluster_15_B_cf,213,apal,5_cf,cf,HS1,15,5,NA,blue4,greenyellow,mediumpurple,orangered,yellow3,25.2208297,-80.2102237,17.6
apal_cf_gHS1_cl15_fr3_AH_2019-11-19,bagnumber-2034,apal_cf_gHS1_cl15_fr3_AH_2019-11-19,3,AH,19-Nov-19,November,2019,Trip_5,HS1_Cluster_15_3_cf,214,apal,5_cf,cf,HS1,15,5,NA,blue4,greenyellow,mediumpurple,orangered,yellow3,25.2208297,-80.2102237,17.6
apal_cf_gHS1_cl15_fr4_AH_2019-11-19,bagnumber-2035,apal_cf_gHS1_cl15_fr4_AH_2019-11-19,4,AH,19-Nov-19,November,2019,Trip_5,HS1_Cluster_15_4_cf,215,apal,5_cf,cf,HS1,15,5,NA,blue4,greenyellow,mediumpurple,orangered,yellow3,25.2208297,-80.2102237,17.6
apal_cf_gHS1_cl15_fr5_AH_2019-11-19,bagnumber-2036,apal_cf_gHS1_cl15_fr5_AH_2019-11-19,5,AH,19-Nov-19,November,2019,Trip_5,HS1_Cluster_15_5_cf,216,apal,5_cf,cf,HS1,15,5,NA,blue4,greenyellow,mediumpurple,orangered,yellow3,25.2208297,-80.2102237,17.6
apal_cf_gCN2_cl11_fr3_AH_2019-11-19,bagnumber-2037,apal_cf_gCN2_cl11_fr3_AH_2019-11-19,3,AH,19-Nov-19,November,2019,Trip_5,CN2_Cluster_11_3_cf,217,apal,5_cf,cf,CN2,11,5,NA,blue4,blue4,blue4,orangered,yellow3,25.2208448,-80.2102244,19.6
apal_cf_gCN2_cl11_fr4_AH_2019-11-19,bagnumber-2038,apal_cf_gCN2_cl11_fr4_AH_2019-11-19,4,AH,19-Nov-19,November,2019,Trip_5,CN2_Cluster_11_4_cf,218,apal,5_cf,cf,CN2,11,5,NA,blue4,blue4,blue4,orangered,yellow3,25.2208448,-80.2102244,19.6
apal_cf_gCN2_cl6_fr3_AH_2019-11-19,bagnumber-2039,apal_cf_gCN2_cl6_fr3_AH_2019-11-19,3,AH,19-Nov-19,November,2019,Trip_5,CN2_Cluster_6_3_cf,219,apal,5_cf,cf,CN2,6,5,NA,blue4,blue4,blue4,orangered,yellow3,25.2208498,-80.2102087,18.6
apal_cf_gCN2_cl6_fr4_AH_2019-11-19,bagnumber-2040,apal_cf_gCN2_cl6_fr4_AH_2019-11-19,4,AH,19-Nov-19,November,2019,Trip_5,CN2_Cluster_6_4_cf,220,apal,5_cf,cf,CN2,6,5,NA,blue4,blue4,blue4,orangered,yellow3,25.2208498,-80.2102087,18.6
apal_pr_gCN2_cl75_fr3_AH_2019-11-18,bagnumber-2044,apal_pr_gCN2_cl75_fr3_AH_2019-11-18,3,AH,18-Nov-19,November,2019,Trip_5,CN2_Cluster_75_3_pr,221,apal,5_pr,pr,CN2,75,5,NA,greenyellow,blue4,maroon2,orangered,mediumpurple,24.984544,-80.4165801,15.7
apal_pr_gCN2_cl75_fr4_AH_2019-11-18,bagnumber-2045,apal_pr_gCN2_cl75_fr4_AH_2019-11-18,4,AH,18-Nov-19,November,2019,Trip_5,CN2_Cluster_75_4_pr,222,apal,5_pr,pr,CN2,75,5,NA,greenyellow,blue4,maroon2,orangered,mediumpurple,24.984544,-80.4165801,15.7
apal_pr_gCN2_cl75_fr7_AH_2019-11-18,bagnumber-2046,apal_pr_gCN2_cl75_fr7_AH_2019-11-18,7,AH,18-Nov-19,November,2019,Trip_5,CN2_Cluster_75_7_pr,223,apal,5_pr,pr,CN2,75,5,NA,greenyellow,blue4,maroon2,orangered,mediumpurple,24.984544,-80.4165801,15.7
apal_pr_gCN2_cl75_fr6_AH_2019-11-18,bagnumber-2047,apal_pr_gCN2_cl75_fr6_AH_2019-11-18,6,AH,18-Nov-19,November,2019,Trip_5,CN2_Cluster_75_6_pr,224,apal,5_pr,pr,CN2,75,5,NA,greenyellow,blue4,maroon2,orangered,mediumpurple,24.984544,-80.4165801,15.7
apal_pr_gCN4_cl72_frA_AH_2019-11-18,bagnumber-2057,apal_pr_gCN4_cl72_frA_AH_2019-11-18,A,AH,18-Nov-19,November,2019,Trip_5,CN4_Cluster_72_A_pr,225,apal,5_pr,pr,CN4,72,5,NA,greenyellow,maroon2,ivory3,orangered,mediumpurple,24.9845657,-80.4165627,17.7
apal_pr_gCN4_cl72_fr3_AH_2019-11-18,bagnumber-2058,apal_pr_gCN4_cl72_fr3_AH_2019-11-18,3,AH,18-Nov-19,November,2019,Trip_5,CN4_Cluster_72_3_pr,226,apal,5_pr,pr,CN4,72,5,NA,greenyellow,maroon2,ivory3,orangered,mediumpurple,24.9845657,-80.4165627,17.7
apal_pr_gCN4_cl72_fr5_AH_2019-11-18,bagnumber-2059,apal_pr_gCN4_cl72_fr5_AH_2019-11-18,5,AH,18-Nov-19,November,2019,Trip_5,CN4_Cluster_72_5_pr,227,apal,5_pr,pr,CN4,72,5,NA,greenyellow,maroon2,ivory3,orangered,mediumpurple,24.9845657,-80.4165627,17.7
apal_pr_gML2_cl58_frA_AH_2019-11-18,bagnumber-2073,apal_pr_gML2_cl58_frA_AH_2019-11-18,A,AH,18-Nov-19,November,2019,Trip_5,ML2_Cluster_58_A_pr,229,apal,5_pr,pr,ML2,58,5,NA,greenyellow,orangered,slategrey,orangered,mediumpurple,24.9845308,-80.4165403,18.7
apal_pr_gML2_cl58_frB_AH_2019-11-18,bagnumber-2074,apal_pr_gML2_cl58_frB_AH_2019-11-18,B,AH,18-Nov-19,November,2019,Trip_5,ML2_Cluster_58_B_pr,230,apal,5_pr,pr,ML2,58,5,NA,greenyellow,orangered,slategrey,orangered,mediumpurple,24.9845308,-80.4165403,18.7
apal_pr_gML2_cl58_fr3_AH_2019-11-18,bagnumber-2075,apal_pr_gML2_cl58_fr3_AH_2019-11-18,3,AH,18-Nov-19,November,2019,Trip_5,ML2_Cluster_58_3_pr,231,apal,5_pr,pr,ML2,58,5,NA,greenyellow,orangered,slategrey,orangered,mediumpurple,24.9845308,-80.4165403,18.7
apal_pr_gML2_cl58_fr6_AH_2019-11-18,bagnumber-2076,apal_pr_gML2_cl58_fr6_AH_2019-11-18,6,AH,18-Nov-19,November,2019,Trip_5,ML2_Cluster_58_6_pr,232,apal,5_pr,pr,ML2,58,5,NA,greenyellow,orangered,slategrey,orangered,mediumpurple,24.9845308,-80.4165403,18.7
apal_pr_gML2_cl64_fr4_AH_2019-11-18,bagnumber-2077,apal_pr_gML2_cl64_fr4_AH_2019-11-18,4,AH,18-Nov-19,November,2019,Trip_5,ML2_Cluster_64_4_pr,233,apal,5_pr,pr,ML2,64,5,NA,greenyellow,orangered,slategrey,orangered,mediumpurple,24.9845404,-80.4165528,16.7
apal_pr_gML2_cl64_fr5_AH_2019-11-18,bagnumber-2078,apal_pr_gML2_cl64_fr5_AH_2019-11-18,5,AH,18-Nov-19,November,2019,Trip_5,ML2_Cluster_64_5_pr,234,apal,5_pr,pr,ML2,64,5,NA,greenyellow,orangered,slategrey,orangered,mediumpurple,24.9845404,-80.4165528,16.7
apal_pr_gML2_cl64_fr6_AH_2019-11-18,bagnumber-2079,apal_pr_gML2_cl64_fr6_AH_2019-11-18,6,AH,18-Nov-19,November,2019,Trip_5,ML2_Cluster_64_6_pr,235,apal,5_pr,pr,ML2,64,5,NA,greenyellow,orangered,slategrey,orangered,mediumpurple,24.9845404,-80.4165528,16.7
apal_cf_gCN2_cl3_fr3_AH_2019-11-19,bagnumber-2081,apal_cf_gCN2_cl3_fr3_AH_2019-11-19,3,AH,19-Nov-19,November,2019,Trip_5,CN2_Cluster_3_3_cf,237,apal,5_cf,cf,CN2,3,5,NA,blue4,blue4,blue4,orangered,yellow3,25.22087,-80.2102176,20.6
apal_cf_gCN2_cl3_fr4_AH_2019-11-19,bagnumber-2082,apal_cf_gCN2_cl3_fr4_AH_2019-11-19,4,AH,19-Nov-19,November,2019,Trip_5,CN2_Cluster_3_4_cf,238,apal,5_cf,cf,CN2,3,5,NA,blue4,blue4,blue4,orangered,yellow3,25.22087,-80.2102176,20.6
apal_cf_gCN2_cl3_fr5_AH_2019-11-19,bagnumber-2083,apal_cf_gCN2_cl3_fr5_AH_2019-11-19,5,AH,19-Nov-19,November,2019,Trip_5,CN2_Cluster_3_5_cf,239,apal,5_cf,cf,CN2,3,5,NA,blue4,blue4,blue4,orangered,yellow3,25.22087,-80.2102176,20.6
apal_ndr_gHS1_cl63_fr3_AH_2019-11-19,bagnumber-2153,apal_ndr_gHS1_cl63_fr3_AH_2019-11-19,3,AH,19-Nov-19,November,2019,Trip_5,HS1_Cluster_63_3_ndr,240,apal,5_ndr,ndr,HS1,63,5,NA,maroon2,greenyellow,olivedrab1,orangered,olivedrab1,25.1302969,-80.2938556,12.6
apal_ndr_gHS1_cl63_fr4_AH_2019-11-19,bagnumber-2154,apal_ndr_gHS1_cl63_fr4_AH_2019-11-19,4,AH,19-Nov-19,November,2019,Trip_5,HS1_Cluster_63_4_ndr,241,apal,5_ndr,ndr,HS1,63,5,NA,maroon2,greenyellow,olivedrab1,orangered,olivedrab1,25.1302969,-80.2938556,12.6
apal_ndr_gCN2_cl57_fr3_AH_2019-11-19,bagnumber-2162,apal_ndr_gCN2_cl57_fr3_AH_2019-11-19,3,AH,19-Nov-19,November,2019,Trip_5,CN2_Cluster_57_3_ndr,242,apal,5_ndr,ndr,CN2,57,5,NA,maroon2,blue4,greenyellow,orangered,olivedrab1,25.1303246,-80.2938481,10.7
apal_ndr_gCN2_cl57_fr4_AH_2019-11-19,bagnumber-2163,apal_ndr_gCN2_cl57_fr4_AH_2019-11-19,4,AH,19-Nov-19,November,2019,Trip_5,CN2_Cluster_57_4_ndr,243,apal,5_ndr,ndr,CN2,57,5,NA,maroon2,blue4,greenyellow,orangered,olivedrab1,25.1303246,-80.2938481,10.7
apal_ndr_gCN2_cl57_fr5_AH_2019-11-19,bagnumber-2164,apal_ndr_gCN2_cl57_fr5_AH_2019-11-19,5,AH,19-Nov-19,November,2019,Trip_5,CN2_Cluster_57_5_ndr,244,apal,5_ndr,ndr,CN2,57,5,NA,maroon2,blue4,greenyellow,orangered,olivedrab1,25.1303246,-80.2938481,10.7
apal_ndr_gCN4_cl38_frB_AH_2019-11-19,bagnumber-2168,apal_ndr_gCN4_cl38_frB_AH_2019-11-19,B,AH,19-Nov-19,November,2019,Trip_5,CN4_Cluster_38_B_ndr,245,apal,5_ndr,ndr,CN4,38,5,NA,maroon2,maroon2,lightskyblue,orangered,olivedrab1,25.1303348,-80.2939119,12.7
apal_ndr_gCN4_cl38_fr4_AH_2019-11-19,bagnumber-2169,apal_ndr_gCN4_cl38_fr4_AH_2019-11-19,4,AH,19-Nov-19,November,2019,Trip_5,CN4_Cluster_38_4_ndr,246,apal,5_ndr,ndr,CN4,38,5,NA,maroon2,maroon2,lightskyblue,orangered,olivedrab1,25.1303348,-80.2939119,12.7
apal_ndr_gCN4_cl38_fr5_AH_2019-11-19,bagnumber-2170,apal_ndr_gCN4_cl38_fr5_AH_2019-11-19,5,AH,19-Nov-19,November,2019,Trip_5,CN4_Cluster_38_5_ndr,247,apal,5_ndr,ndr,CN4,38,5,NA,maroon2,maroon2,lightskyblue,orangered,olivedrab1,25.1303348,-80.2939119,12.7
apal_ndr_gCN4_cl38_fr6_AH_2019-11-19,bagnumber-2171,apal_ndr_gCN4_cl38_fr6_AH_2019-11-19,6,AH,19-Nov-19,November,2019,Trip_5,CN4_Cluster_38_6_ndr,248,apal,5_ndr,ndr,CN4,38,5,NA,maroon2,maroon2,lightskyblue,orangered,olivedrab1,25.1303348,-80.2939119,12.7
apal_ndr_gCN4_cl38_fr3_AH_2019-11-19,bagnumber-2172,apal_ndr_gCN4_cl38_fr3_AH_2019-11-19,3,AH,19-Nov-19,November,2019,Trip_5,CN4_Cluster_38_3_ndr,249,apal,5_ndr,ndr,CN4,38,5,NA,maroon2,maroon2,lightskyblue,orangered,olivedrab1,25.1303348,-80.2939119,12.7
apal_ndr_gCN4_cl32_frB_AH_2019-11-19,bagnumber-2173,apal_ndr_gCN4_cl32_frB_AH_2019-11-19,B,AH,19-Nov-19,November,2019,Trip_5,CN4_Cluster_32_B_ndr,250,apal,5_ndr,ndr,CN4,32,5,NA,maroon2,maroon2,lightskyblue,orangered,olivedrab1,25.1303377,-80.2939212,11.7
apal_ndr_gCN4_cl32_fr4_AH_2019-11-19,bagnumber-2174,apal_ndr_gCN4_cl32_fr4_AH_2019-11-19,4,AH,19-Nov-19,November,2019,Trip_5,CN4_Cluster_32_4_ndr,251,apal,5_ndr,ndr,CN4,32,5,NA,maroon2,maroon2,lightskyblue,orangered,olivedrab1,25.1303377,-80.2939212,11.7
apal_ndr_gCN4_cl32_fr5_AH_2019-11-19,bagnumber-2175,apal_ndr_gCN4_cl32_fr5_AH_2019-11-19,5,AH,19-Nov-19,November,2019,Trip_5,CN4_Cluster_32_5_ndr,252,apal,5_ndr,ndr,CN4,32,5,NA,maroon2,maroon2,lightskyblue,orangered,olivedrab1,25.1303377,-80.2939212,11.7
apal_ndr_gCN4_cl28_fr3_AH_2019-11-19,bagnumber-2176,apal_ndr_gCN4_cl28_fr3_AH_2019-11-19,3,AH,19-Nov-19,November,2019,Trip_5,CN4_Cluster_28_3_ndr,253,apal,5_ndr,ndr,CN4,28,5,NA,maroon2,maroon2,lightskyblue,orangered,olivedrab1,25.1303322,-80.2939338,12.7
apal_ndr_gCN4_cl28_fr4_AH_2019-11-19,bagnumber-2177,apal_ndr_gCN4_cl28_fr4_AH_2019-11-19,4,AH,19-Nov-19,November,2019,Trip_5,CN4_Cluster_28_4_ndr,254,apal,5_ndr,ndr,CN4,28,5,NA,maroon2,maroon2,lightskyblue,orangered,olivedrab1,25.1303322,-80.2939338,12.7
apal_ndr_gCN4_cl28_fr5_AH_2019-11-19,bagnumber-2178,apal_ndr_gCN4_cl28_fr5_AH_2019-11-19,5,AH,19-Nov-19,November,2019,Trip_5,CN4_Cluster_28_5_ndr,255,apal,5_ndr,ndr,CN4,28,5,NA,maroon2,maroon2,lightskyblue,orangered,olivedrab1,25.1303322,-80.2939338,12.7
apal_ndr_gML2_cl26_fr3_AH_2019-11-19,bagnumber-2179,apal_ndr_gML2_cl26_fr3_AH_2019-11-19,3,AH,19-Nov-19,November,2019,Trip_5,ML2_Cluster_26_3_ndr,256,apal,5_ndr,ndr,ML2,26,5,NA,maroon2,orangered,turquoise3,orangered,olivedrab1,25.1303151,-80.2939404,11.8
apal_ndr_gML2_cl26_fr4_AH_2019-11-19,bagnumber-2180,apal_ndr_gML2_cl26_fr4_AH_2019-11-19,4,AH,19-Nov-19,November,2019,Trip_5,ML2_Cluster_26_4_ndr,257,apal,5_ndr,ndr,ML2,26,5,NA,maroon2,orangered,turquoise3,orangered,olivedrab1,25.1303151,-80.2939404,11.8
apal_ndr_gML2_cl26_fr5_AH_2019-11-19,bagnumber-2221,apal_ndr_gML2_cl26_fr5_AH_2019-11-19,5,AH,19-Nov-19,November,2019,Trip_5,ML2_Cluster_26_5_ndr,258,apal,5_ndr,ndr,ML2,26,5,NA,maroon2,orangered,turquoise3,orangered,olivedrab1,25.1303151,-80.2939404,11.8
apal_ndr_gML2_cl23_frB_AH_2019-11-19,bagnumber-2223,apal_ndr_gML2_cl23_frB_AH_2019-11-19,B,AH,19-Nov-19,November,2019,Trip_5,ML2_Cluster_23_B_ndr,260,apal,5_ndr,ndr,ML2,23,5,NA,maroon2,orangered,turquoise3,orangered,olivedrab1,25.1303352,-80.2939432,12.8
apal_ndr_gML2_cl23_fr6_AH_2019-11-19,bagnumber-2224,apal_ndr_gML2_cl23_fr6_AH_2019-11-19,6,AH,19-Nov-19,November,2019,Trip_5,ML2_Cluster_23_6_ndr,261,apal,5_ndr,ndr,ML2,23,5,NA,maroon2,orangered,turquoise3,orangered,olivedrab1,25.1303352,-80.2939432,12.8
apal_ndr_gML2_cl18_fr3_AH_2019-11-19,bagnumber-2226,apal_ndr_gML2_cl18_fr3_AH_2019-11-19,3,AH,19-Nov-19,November,2019,Trip_5,ML2_Cluster_18_3_ndr,263,apal,5_ndr,ndr,ML2,18,5,NA,maroon2,orangered,turquoise3,orangered,olivedrab1,25.1303496,-80.2939585,11.8
apal_ndr_gML2_cl18_fr4_AH_2019-11-19,bagnumber-2227,apal_ndr_gML2_cl18_fr4_AH_2019-11-19,4,AH,19-Nov-19,November,2019,Trip_5,ML2_Cluster_18_4_ndr,264,apal,5_ndr,ndr,ML2,18,5,NA,maroon2,orangered,turquoise3,orangered,olivedrab1,25.1303496,-80.2939585,11.8
apal_ndr_gML2_cl18_fr5_AH_2019-11-19,bagnumber-2228,apal_ndr_gML2_cl18_fr5_AH_2019-11-19,5,AH,19-Nov-19,November,2019,Trip_5,ML2_Cluster_18_5_ndr,265,apal,5_ndr,ndr,ML2,18,5,NA,maroon2,orangered,turquoise3,orangered,olivedrab1,25.1303496,-80.2939585,11.8
apal_ndr_gML2_cl18_fr6_AH_2019-11-19,bagnumber-2229,apal_ndr_gML2_cl18_fr6_AH_2019-11-19,6,AH,19-Nov-19,November,2019,Trip_5,ML2_Cluster_18_6_ndr,266,apal,5_ndr,ndr,ML2,18,5,NA,maroon2,orangered,turquoise3,orangered,olivedrab1,25.1303496,-80.2939585,11.8
apal_ndr_gCN2_cl15_fr3_AH_2019-11-19,bagnumber-2237,apal_ndr_gCN2_cl15_fr3_AH_2019-11-19,3,AH,19-Nov-19,November,2019,Trip_5,CN2_Cluster_15_3_ndr,267,apal,5_ndr,ndr,CN2,15,5,NA,maroon2,blue4,greenyellow,orangered,olivedrab1,25.1303356,-80.2939744,11.8
apal_ndr_gCN2_cl15_fr4_AH_2019-11-19,bagnumber-2238,apal_ndr_gCN2_cl15_fr4_AH_2019-11-19,4,AH,19-Nov-19,November,2019,Trip_5,CN2_Cluster_15_4_ndr,268,apal,5_ndr,ndr,CN2,15,5,NA,maroon2,blue4,greenyellow,orangered,olivedrab1,25.1303356,-80.2939744,11.8
apal_ndr_gCN2_cl15_fr5_AH_2019-11-19,bagnumber-2239,apal_ndr_gCN2_cl15_fr5_AH_2019-11-19,5,AH,19-Nov-19,November,2019,Trip_5,CN2_Cluster_15_5_ndr,269,apal,5_ndr,ndr,CN2,15,5,NA,maroon2,blue4,greenyellow,orangered,olivedrab1,25.1303356,-80.2939744,11.8
apal_ndr_gCN2_cl15_fr6_AH_2019-11-19,bagnumber-2240,apal_ndr_gCN2_cl15_fr6_AH_2019-11-19,6,AH,19-Nov-19,November,2019,Trip_5,CN2_Cluster_15_6_ndr,270,apal,5_ndr,ndr,CN2,15,5,NA,maroon2,blue4,greenyellow,orangered,olivedrab1,25.1303356,-80.2939744,11.8
apal_ndr_gHS1_cl70_fr3_AH_2019-11-19,bagnumber-2242,apal_ndr_gHS1_cl70_fr3_AH_2019-11-19,3,AH,19-Nov-19,November,2019,Trip_5,HS1_Cluster_70_3_ndr,271,apal,5_ndr,ndr,HS1,70,5,NA,maroon2,greenyellow,olivedrab1,orangered,olivedrab1,25.1302873,-80.2938389,12.6
apal_ndr_gHS1_cl70_fr4_AH_2019-11-19,bagnumber-2243,apal_ndr_gHS1_cl70_fr4_AH_2019-11-19,4,AH,19-Nov-19,November,2019,Trip_5,HS1_Cluster_70_4_ndr,272,apal,5_ndr,ndr,HS1,70,5,NA,maroon2,greenyellow,olivedrab1,orangered,olivedrab1,25.1302873,-80.2938389,12.6
apal_ndr_gHS1_cl70_fr5_AH_2019-11-19,bagnumber-2244,apal_ndr_gHS1_cl70_fr5_AH_2019-11-19,5,AH,19-Nov-19,November,2019,Trip_5,HS1_Cluster_70_5_ndr,273,apal,5_ndr,ndr,HS1,70,5,NA,maroon2,greenyellow,olivedrab1,orangered,olivedrab1,25.1302873,-80.2938389,12.6
apal_ndr_gHS1_cl67_fr3_AH_2019-11-19,bagnumber-2248,apal_ndr_gHS1_cl67_fr3_AH_2019-11-19,3,AH,19-Nov-19,November,2019,Trip_5,HS1_Cluster_67_3_ndr,274,apal,5_ndr,ndr,HS1,67,5,NA,maroon2,greenyellow,olivedrab1,orangered,olivedrab1,25.1303102,-80.293823,12.6
apal_ndr_gHS1_cl67_fr6_AH_2019-11-19,bagnumber-2249,apal_ndr_gHS1_cl67_fr6_AH_2019-11-19,6,AH,19-Nov-19,November,2019,Trip_5,HS1_Cluster_67_6_ndr,275,apal,5_ndr,ndr,HS1,67,5,NA,maroon2,greenyellow,olivedrab1,orangered,olivedrab1,25.1303102,-80.293823,12.6
apal_ndr_gHS1_cl67_fr7_AH_2019-11-19,bagnumber-2250,apal_ndr_gHS1_cl67_fr7_AH_2019-11-19,7,AH,19-Nov-19,November,2019,Trip_5,HS1_Cluster_67_7_ndr,276,apal,5_ndr,ndr,HS1,67,5,NA,maroon2,greenyellow,olivedrab1,orangered,olivedrab1,25.1303102,-80.293823,12.6
apal_ndr_gCN2_cl65_fr3_AH_2019-11-19,bagnumber-2251,apal_ndr_gCN2_cl65_fr3_AH_2019-11-19,3,AH,19-Nov-19,November,2019,Trip_5,CN2_Cluster_65_3_ndr,277,apal,5_ndr,ndr,CN2,65,5,NA,maroon2,blue4,greenyellow,orangered,olivedrab1,25.1303122,-80.293845,11.6
apal_ndr_gCN2_cl65_fr6_AH_2019-11-19,bagnumber-2252,apal_ndr_gCN2_cl65_fr6_AH_2019-11-19,6,AH,19-Nov-19,November,2019,Trip_5,CN2_Cluster_65_6_ndr,278,apal,5_ndr,ndr,CN2,65,5,NA,maroon2,blue4,greenyellow,orangered,olivedrab1,25.1303122,-80.293845,11.6
apal_cf_gCN2_cl3_fr4_AH_2019-02-28,bagnumber-512,apal_cf_gCN2_cl3_fr4_AH_2019-02-28,4,AH,28-Feb-19,February,2019,Trip_2,CN2_Cluster_3_4_cf,281,apal,2_cf,cf,CN2,3,2,NA,blue4,blue4,blue4,blue4,blue4,25.22087,-80.2102176,20.6
apal_cf_gCN2_cl3_fr5_AH_2019-02-28,bagnumber-513,apal_cf_gCN2_cl3_fr5_AH_2019-02-28,5,AH,28-Feb-19,February,2019,Trip_2,CN2_Cluster_3_5_cf,282,apal,2_cf,cf,CN2,3,2,NA,blue4,blue4,blue4,blue4,blue4,25.22087,-80.2102176,20.6
apal_cf_gCN2_cl6_fr3_AH_2019-02-28,bagnumber-514,apal_cf_gCN2_cl6_fr3_AH_2019-02-28,3,AH,28-Feb-19,February,2019,Trip_2,CN2_Cluster_6_3_cf,283,apal,2_cf,cf,CN2,6,2,NA,blue4,blue4,blue4,blue4,blue4,25.2208498,-80.2102087,18.6
apal_cf_gCN2_cl6_fr4_AH_2019-02-28,bagnumber-515,apal_cf_gCN2_cl6_fr4_AH_2019-02-28,4,AH,28-Feb-19,February,2019,Trip_2,CN2_Cluster_6_4_cf,284,apal,2_cf,cf,CN2,6,2,NA,blue4,blue4,blue4,blue4,blue4,25.2208498,-80.2102087,18.6
apal_cf_gCN2_cl6_fr5_AH_2019-02-28,bagnumber-516,apal_cf_gCN2_cl6_fr5_AH_2019-02-28,5,AH,28-Feb-19,February,2019,Trip_2,CN2_Cluster_6_5_cf,285,apal,2_cf,cf,CN2,6,2,NA,blue4,blue4,blue4,blue4,blue4,25.2208498,-80.2102087,18.6
apal_cf_gCN2_cl11_fr3_AH_2019-02-28,bagnumber-517,apal_cf_gCN2_cl11_fr3_AH_2019-02-28,3,AH,28-Feb-19,February,2019,Trip_2,CN2_Cluster_11_3_cf,286,apal,2_cf,cf,CN2,11,2,NA,blue4,blue4,blue4,blue4,blue4,25.2208448,-80.2102244,19.6
apal_cf_gCN2_cl11_fr4_AH_2019-02-28,bagnumber-518,apal_cf_gCN2_cl11_fr4_AH_2019-02-28,4,AH,28-Feb-19,February,2019,Trip_2,CN2_Cluster_11_4_cf,287,apal,2_cf,cf,CN2,11,2,NA,blue4,blue4,blue4,blue4,blue4,25.2208448,-80.2102244,19.6
apal_cf_gCN2_cl11_fr5_AH_2019-02-28,bagnumber-519,apal_cf_gCN2_cl11_fr5_AH_2019-02-28,5,AH,28-Feb-19,February,2019,Trip_2,CN2_Cluster_11_5_cf,288,apal,2_cf,cf,CN2,11,2,NA,blue4,blue4,blue4,blue4,blue4,25.2208448,-80.2102244,19.6
apal_cf_gHS1_cl15_fr3_AH_2019-02-28,bagnumber-523,apal_cf_gHS1_cl15_fr3_AH_2019-02-28,3,AH,28-Feb-19,February,2019,Trip_2,HS1_Cluster_15_3_cf,289,apal,2_cf,cf,HS1,15,2,NA,blue4,greenyellow,mediumpurple,blue4,blue4,25.2208297,-80.2102237,17.6
apal_cf_gHS1_cl15_fr4_AH_2019-02-28,bagnumber-524,apal_cf_gHS1_cl15_fr4_AH_2019-02-28,4,AH,28-Feb-19,February,2019,Trip_2,HS1_Cluster_15_4_cf,290,apal,2_cf,cf,HS1,15,2,NA,blue4,greenyellow,mediumpurple,blue4,blue4,25.2208297,-80.2102237,17.6
apal_cf_gHS1_cl15_fr5_AH_2019-02-28,bagnumber-525,apal_cf_gHS1_cl15_fr5_AH_2019-02-28,5,AH,28-Feb-19,February,2019,Trip_2,HS1_Cluster_15_5_cf,291,apal,2_cf,cf,HS1,15,2,NA,blue4,greenyellow,mediumpurple,blue4,blue4,25.2208297,-80.2102237,17.6
apal_cf_gHS1_cl17_fr3_AH_2019-02-28,bagnumber-527,apal_cf_gHS1_cl17_fr3_AH_2019-02-28,3,AH,28-Feb-19,February,2019,Trip_2,HS1_Cluster_17_3_cf,292,apal,2_cf,cf,HS1,17,2,NA,blue4,greenyellow,mediumpurple,blue4,blue4,25.220845,-80.2102483,17.8
apal_cf_gHS1_cl17_fr4_AH_2019-02-28,bagnumber-528,apal_cf_gHS1_cl17_fr4_AH_2019-02-28,4,AH,28-Feb-19,February,2019,Trip_2,HS1_Cluster_17_4_cf,293,apal,2_cf,cf,HS1,17,2,NA,blue4,greenyellow,mediumpurple,blue4,blue4,25.220845,-80.2102483,17.8
apal_cf_gHS1_cl17_fr5_AH_2019-02-28,bagnumber-529,apal_cf_gHS1_cl17_fr5_AH_2019-02-28,5,AH,28-Feb-19,February,2019,Trip_2,HS1_Cluster_17_5_cf,294,apal,2_cf,cf,HS1,17,2,NA,blue4,greenyellow,mediumpurple,blue4,blue4,25.220845,-80.2102483,17.8
apal_cf_gHS1_cl18_fr3_AH_2019-02-28,bagnumber-530,apal_cf_gHS1_cl18_fr3_AH_2019-02-28,3,AH,28-Feb-19,February,2019,Trip_2,HS1_Cluster_18_3_cf,295,apal,2_cf,cf,HS1,18,2,NA,blue4,greenyellow,mediumpurple,blue4,blue4,25.2208501,-80.2102565,18.8
apal_cf_gHS1_cl18_frB_AH_2019-02-28,bagnumber-531,apal_cf_gHS1_cl18_frB_AH_2019-02-28,B,AH,28-Feb-19,February,2019,Trip_2,HS1_Cluster_18_B_cf,296,apal,2_cf,cf,HS1,18,2,NA,blue4,greenyellow,mediumpurple,blue4,blue4,25.2208501,-80.2102565,18.8
apal_cf_gHS1_cl18_fr6_AH_2019-02-28,bagnumber-532,apal_cf_gHS1_cl18_fr6_AH_2019-02-28,6,AH,28-Feb-19,February,2019,Trip_2,HS1_Cluster_18_6_cf,297,apal,2_cf,cf,HS1,18,2,NA,blue4,greenyellow,mediumpurple,blue4,blue4,25.2208501,-80.2102565,18.8
apal_cf_gCN4_cl25_frA_AH_2019-02-28,bagnumber-533,apal_cf_gCN4_cl25_frA_AH_2019-02-28,A,AH,28-Feb-19,February,2019,Trip_2,CN4_Cluster_25_A_cf,298,apal,2_cf,cf,CN4,25,2,NA,blue4,maroon2,orangered,blue4,blue4,25.220825,-80.2102634,20.8
apal_cf_gCN4_cl35_fr3_AH_2019-02-28,bagnumber-534,apal_cf_gCN4_cl35_fr3_AH_2019-02-28,3,AH,28-Feb-19,February,2019,Trip_2,CN4_Cluster_35_3_cf,299,apal,2_cf,cf,CN4,35,2,NA,blue4,maroon2,orangered,blue4,blue4,25.2207798,-80.2102852,17.9
apal_cf_gCN4_cl35_fr4_AH_2019-02-28,bagnumber-535,apal_cf_gCN4_cl35_fr4_AH_2019-02-28,4,AH,28-Feb-19,February,2019,Trip_2,CN4_Cluster_35_4_cf,300,apal,2_cf,cf,CN4,35,2,NA,blue4,maroon2,orangered,blue4,blue4,25.2207798,-80.2102852,17.9
apal_cf_gCN4_cl35_fr5_AH_2019-02-28,bagnumber-536,apal_cf_gCN4_cl35_fr5_AH_2019-02-28,5,AH,28-Feb-19,February,2019,Trip_2,CN4_Cluster_35_5_cf,301,apal,2_cf,cf,CN4,35,2,NA,blue4,maroon2,orangered,blue4,blue4,25.2207798,-80.2102852,17.9
apal_cf_gML2_cl78_frA_AH_2019-02-28,bagnumber-537,apal_cf_gML2_cl78_frA_AH_2019-02-28,A,AH,28-Feb-19,February,2019,Trip_2,ML2_Cluster_78_A_cf,302,apal,2_cf,cf,ML2,78,2,NA,blue4,orangered,yellow3,blue4,blue4,25.2206999,-80.2103693,20.9
apal_cf_gML2_cl78_fr3_AH_2019-02-28,bagnumber-538,apal_cf_gML2_cl78_fr3_AH_2019-02-28,3,AH,28-Feb-19,February,2019,Trip_2,ML2_Cluster_78_3_cf,303,apal,2_cf,cf,ML2,78,2,NA,blue4,orangered,yellow3,blue4,blue4,25.2206999,-80.2103693,20.9
apal_cf_gML2_cl78_fr4_AH_2019-02-28,bagnumber-539,apal_cf_gML2_cl78_fr4_AH_2019-02-28,4,AH,28-Feb-19,February,2019,Trip_2,ML2_Cluster_78_4_cf,304,apal,2_cf,cf,ML2,78,2,NA,blue4,orangered,yellow3,blue4,blue4,25.2206999,-80.2103693,20.9
apal_pr_gCN2_cl75_fr3_AH_2019-03-01,bagnumber-584,apal_pr_gCN2_cl75_fr3_AH_2019-03-01,3,AH,1-Mar-19,March,2019,Trip_2,CN2_Cluster_75_3_pr,305,apal,2_pr,pr,CN2,75,2,NA,greenyellow,blue4,maroon2,blue4,orangered,24.984544,-80.4165801,15.7
apal_pr_gCN2_cl75_fr4_AH_2019-03-01,bagnumber-585,apal_pr_gCN2_cl75_fr4_AH_2019-03-01,4,AH,1-Mar-19,March,2019,Trip_2,CN2_Cluster_75_4_pr,306,apal,2_pr,pr,CN2,75,2,NA,greenyellow,blue4,maroon2,blue4,orangered,24.984544,-80.4165801,15.7
apal_pr_gCN2_cl75_fr7_AH_2019-03-01,bagnumber-586,apal_pr_gCN2_cl75_fr7_AH_2019-03-01,7,AH,1-Mar-19,March,2019,Trip_2,CN2_Cluster_75_7_pr,307,apal,2_pr,pr,CN2,75,2,NA,greenyellow,blue4,maroon2,blue4,orangered,24.984544,-80.4165801,15.7
apal_pr_gCN2_cl79_fr3_AH_2019-03-01,bagnumber-590,apal_pr_gCN2_cl79_fr3_AH_2019-03-01,3,AH,1-Mar-19,March,2019,Trip_2,CN2_Cluster_79_3_pr,308,apal,2_pr,pr,CN2,79,2,NA,greenyellow,blue4,maroon2,blue4,orangered,24.9845458,-80.4165938,16.7
apal_pr_gCN2_cl79_fr4_AH_2019-03-01,bagnumber-591,apal_pr_gCN2_cl79_fr4_AH_2019-03-01,4,AH,1-Mar-19,March,2019,Trip_2,CN2_Cluster_79_4_pr,309,apal,2_pr,pr,CN2,79,2,NA,greenyellow,blue4,maroon2,blue4,orangered,24.9845458,-80.4165938,16.7
apal_pr_gCN2_cl79_fr6_AH_2019-03-01,bagnumber-592,apal_pr_gCN2_cl79_fr6_AH_2019-03-01,6,AH,1-Mar-19,March,2019,Trip_2,CN2_Cluster_79_6_pr,310,apal,2_pr,pr,CN2,79,2,NA,greenyellow,blue4,maroon2,blue4,orangered,24.9845458,-80.4165938,16.7
apal_pr_gCN2_cl81_fr3_AH_2019-03-01,bagnumber-593,apal_pr_gCN2_cl81_fr3_AH_2019-03-01,3,AH,1-Mar-19,March,2019,Trip_2,CN2_Cluster_81_3_pr,311,apal,2_pr,pr,CN2,81,2,NA,greenyellow,blue4,maroon2,blue4,orangered,24.9845614,-80.4165913,17.7
apal_pr_gCN2_cl81_fr4_AH_2019-03-01,bagnumber-594,apal_pr_gCN2_cl81_fr4_AH_2019-03-01,4,AH,1-Mar-19,March,2019,Trip_2,CN2_Cluster_81_4_pr,312,apal,2_pr,pr,CN2,81,2,NA,greenyellow,blue4,maroon2,blue4,orangered,24.9845614,-80.4165913,17.7
apal_pr_gCN2_cl81_fr6_AH_2019-03-01,bagnumber-595,apal_pr_gCN2_cl81_fr6_AH_2019-03-01,6,AH,1-Mar-19,March,2019,Trip_2,CN2_Cluster_81_6_pr,313,apal,2_pr,pr,CN2,81,2,NA,greenyellow,blue4,maroon2,blue4,orangered,24.9845614,-80.4165913,17.7
apal_pr_gCN4_cl98_fr3_AH_2019-03-01,bagnumber-596,apal_pr_gCN4_cl98_fr3_AH_2019-03-01,3,AH,1-Mar-19,March,2019,Trip_2,CN4_Cluster_98_3_pr,314,apal,2_pr,pr,CN4,98,2,NA,greenyellow,maroon2,ivory3,blue4,orangered,24.9845608,-80.4166472,15.7
apal_pr_gCN4_cl98_fr4_AH_2019-03-01,bagnumber-597,apal_pr_gCN4_cl98_fr4_AH_2019-03-01,4,AH,1-Mar-19,March,2019,Trip_2,CN4_Cluster_98_4_pr,315,apal,2_pr,pr,CN4,98,2,NA,greenyellow,maroon2,ivory3,blue4,orangered,24.9845608,-80.4166472,15.7
apal_pr_gCN4_cl98_fr7_AH_2019-03-01,bagnumber-598,apal_pr_gCN4_cl98_fr7_AH_2019-03-01,7,AH,1-Mar-19,March,2019,Trip_2,CN4_Cluster_98_7_pr,316,apal,2_pr,pr,CN4,98,2,NA,greenyellow,maroon2,ivory3,blue4,orangered,24.9845608,-80.4166472,15.7
apal_cf_gML2_cl95_fr3_AH_2019-02-28,bagnumber-604,apal_cf_gML2_cl95_fr3_AH_2019-02-28,3,AH,28-Feb-19,February,2019,Trip_2,ML2_Cluster_95_3_cf,317,apal,2_cf,cf,ML2,95,2,NA,greenyellow,orangered,yellow3,blue4,blue4,25.2206699,-80.2103919,20.9
apal_cf_gML2_cl95_fr4_AH_2019-02-28,bagnumber-605,apal_cf_gML2_cl95_fr4_AH_2019-02-28,4,AH,28-Feb-19,February,2019,Trip_2,ML2_Cluster_95_4_cf,318,apal,2_cf,cf,ML2,95,2,NA,greenyellow,orangered,yellow3,blue4,blue4,25.2206699,-80.2103919,20.9
apal_pr_gCN4_cl103_fr4_AH_2019-03-01,bagnumber-628,apal_pr_gCN4_cl103_fr4_AH_2019-03-01,4,AH,1-Mar-19,March,2019,Trip_2,CN4_Cluster_103_4_pr,319,apal,2_pr,pr,CN4,103,2,NA,greenyellow,maroon2,ivory3,blue4,orangered,24.9845627,-80.4166609,15.7
apal_pr_gCN4_cl103_fr5_AH_2019-03-01,bagnumber-629,apal_pr_gCN4_cl103_fr5_AH_2019-03-01,5,AH,1-Mar-19,March,2019,Trip_2,CN4_Cluster_103_5_pr,320,apal,2_pr,pr,CN4,103,2,NA,greenyellow,maroon2,ivory3,blue4,orangered,24.9845627,-80.4166609,15.7
apal_pr_gCN4_cl103_fr7_AH_2019-03-01,bagnumber-630,apal_pr_gCN4_cl103_fr7_AH_2019-03-01,7,AH,1-Mar-19,March,2019,Trip_2,CN4_Cluster_103_7_pr,321,apal,2_pr,pr,CN4,103,2,NA,greenyellow,maroon2,ivory3,blue4,orangered,24.9845627,-80.4166609,15.7
apal_pr_gHS1_cl108_fr4_AH_2019-03-01,bagnumber-634,apal_pr_gHS1_cl108_fr4_AH_2019-03-01,4,AH,1-Mar-19,March,2019,Trip_2,HS1_Cluster_108_4_pr,322,apal,2_pr,pr,HS1,108,2,NA,greenyellow,greenyellow,black,blue4,orangered,24.9845645,-80.4166745,16.8
apal_pr_gHS1_cl108_fr5_AH_2019-03-01,bagnumber-635,apal_pr_gHS1_cl108_fr5_AH_2019-03-01,5,AH,1-Mar-19,March,2019,Trip_2,HS1_Cluster_108_5_pr,323,apal,2_pr,pr,HS1,108,2,NA,greenyellow,greenyellow,black,blue4,orangered,24.9845645,-80.4166745,16.8
apal_pr_gHS1_cl108_fr6_AH_2019-03-01,bagnumber-637,apal_pr_gHS1_cl108_fr6_AH_2019-03-01,6,AH,1-Mar-19,March,2019,Trip_2,HS1_Cluster_108_6_pr,324,apal,2_pr,pr,HS1,108,2,NA,greenyellow,greenyellow,black,blue4,orangered,24.9845645,-80.4166745,16.8
apal_pr_gHS1_cl106_fr4_AH_2019-03-01,bagnumber-638,apal_pr_gHS1_cl106_fr4_AH_2019-03-01,4,AH,1-Mar-19,March,2019,Trip_2,HS1_Cluster_106_4_pr,325,apal,2_pr,pr,HS1,106,2,NA,greenyellow,greenyellow,black,blue4,orangered,24.9845488,-80.416677,18.7
apal_pr_gHS1_cl106_fr5_AH_2019-03-01,bagnumber-639,apal_pr_gHS1_cl106_fr5_AH_2019-03-01,5,AH,1-Mar-19,March,2019,Trip_2,HS1_Cluster_106_5_pr,326,apal,2_pr,pr,HS1,106,2,NA,greenyellow,greenyellow,black,blue4,orangered,24.9845488,-80.416677,18.7
apal_pr_gHS1_cl106_fr7_AH_2019-03-01,bagnumber-640,apal_pr_gHS1_cl106_fr7_AH_2019-03-01,7,AH,1-Mar-19,March,2019,Trip_2,HS1_Cluster_106_7_pr,327,apal,2_pr,pr,HS1,106,2,NA,greenyellow,greenyellow,black,blue4,orangered,24.9845488,-80.416677,18.7
apal_pr_gHS1_cl112_fr3_AH_2019-03-01,bagnumber-641,apal_pr_gHS1_cl112_fr3_AH_2019-03-01,3,AH,1-Mar-19,March,2019,Trip_2,HS1_Cluster_112_3_pr,328,apal,2_pr,pr,HS1,112,2,NA,greenyellow,greenyellow,black,blue4,orangered,24.9845578,-80.4166775,16.8
apal_pr_gHS1_cl112_fr4_AH_2019-03-01,bagnumber-642,apal_pr_gHS1_cl112_fr4_AH_2019-03-01,4,AH,1-Mar-19,March,2019,Trip_2,HS1_Cluster_112_4_pr,329,apal,2_pr,pr,HS1,112,2,NA,greenyellow,greenyellow,black,blue4,orangered,24.9845578,-80.4166775,16.8
apal_pr_gHS1_cl112_fr6_AH_2019-03-01,bagnumber-643,apal_pr_gHS1_cl112_fr6_AH_2019-03-01,6,AH,1-Mar-19,March,2019,Trip_2,HS1_Cluster_112_6_pr,330,apal,2_pr,pr,HS1,112,2,NA,greenyellow,greenyellow,black,blue4,orangered,24.9845578,-80.4166775,16.8
apal_pr_gML2_cl65_fr5_AH_2019-03-01,bagnumber-681,apal_pr_gML2_cl65_fr5_AH_2019-03-01,5,AH,1-Mar-19,March,2019,Trip_2,ML2_Cluster_65_5_pr,331,apal,2_pr,pr,ML2,65,2,NA,greenyellow,orangered,slategrey,blue4,orangered,24.9845482,-80.4165515,17.7
apal_pr_gML2_cl65_fr6_AH_2019-03-01,bagnumber-682,apal_pr_gML2_cl65_fr6_AH_2019-03-01,6,AH,1-Mar-19,March,2019,Trip_2,ML2_Cluster_65_6_pr,332,apal,2_pr,pr,ML2,65,2,NA,greenyellow,orangered,slategrey,blue4,orangered,24.9845482,-80.4165515,17.7
apal_pr_gCN4_cl72_frA_AH_2019-03-01,bagnumber-686,apal_pr_gCN4_cl72_frA_AH_2019-03-01,A,AH,1-Mar-19,March,2019,Trip_2,CN4_Cluster_72_A_pr,333,apal,2_pr,pr,CN4,72,2,NA,greenyellow,maroon2,ivory3,blue4,orangered,24.9845657,-80.4165627,17.7
apal_pr_gCN4_cl72_fr3_AH_2019-03-01,bagnumber-687,apal_pr_gCN4_cl72_fr3_AH_2019-03-01,3,AH,1-Mar-19,March,2019,Trip_2,CN4_Cluster_72_3_pr,334,apal,2_pr,pr,CN4,72,2,NA,greenyellow,maroon2,ivory3,blue4,orangered,24.9845657,-80.4165627,17.7
apal_pr_gCN4_cl72_fr5_AH_2019-03-01,bagnumber-688,apal_pr_gCN4_cl72_fr5_AH_2019-03-01,5,AH,1-Mar-19,March,2019,Trip_2,CN4_Cluster_72_5_pr,335,apal,2_pr,pr,CN4,72,2,NA,greenyellow,maroon2,ivory3,blue4,orangered,24.9845657,-80.4165627,17.7
apal_ndr_gCN2_cl65_fr3_AH_2019-03-04,bagnumber-695,apal_ndr_gCN2_cl65_fr3_AH_2019-03-04,3,AH,4-Mar-19,March,2019,Trip_2,CN2_Cluster_65_3_ndr,336,apal,2_ndr,ndr,CN2,65,2,NA,greenyellow,blue4,greenyellow,blue4,maroon2,25.1303122,-80.293845,11.6
apal_ndr_gCN2_cl65_fr6_AH_2019-03-04,bagnumber-696,apal_ndr_gCN2_cl65_fr6_AH_2019-03-04,6,AH,4-Mar-19,March,2019,Trip_2,CN2_Cluster_65_6_ndr,337,apal,2_ndr,ndr,CN2,65,2,NA,greenyellow,blue4,greenyellow,blue4,maroon2,25.1303122,-80.293845,11.6
apal_ndr_gCN2_cl65_fr7_AH_2019-03-04,bagnumber-697,apal_ndr_gCN2_cl65_fr7_AH_2019-03-04,7,AH,4-Mar-19,March,2019,Trip_2,CN2_Cluster_65_7_ndr,338,apal,2_ndr,ndr,CN2,65,2,NA,greenyellow,blue4,greenyellow,blue4,maroon2,25.1303122,-80.293845,11.6
apal_ndr_gHS1_cl67_fr3_AH_2019-03-04,bagnumber-698,apal_ndr_gHS1_cl67_fr3_AH_2019-03-04,3,AH,4-Mar-19,March,2019,Trip_2,HS1_Cluster_67_3_ndr,339,apal,2_ndr,ndr,HS1,67,2,NA,greenyellow,greenyellow,olivedrab1,blue4,maroon2,25.1303102,-80.293823,12.6
apal_ndr_gHS1_cl67_fr6_AH_2019-03-04,bagnumber-699,apal_ndr_gHS1_cl67_fr6_AH_2019-03-04,6,AH,4-Mar-19,March,2019,Trip_2,HS1_Cluster_67_6_ndr,340,apal,2_ndr,ndr,HS1,67,2,NA,greenyellow,greenyellow,olivedrab1,blue4,maroon2,25.1303102,-80.293823,12.6
apal_ndr_gHS1_cl67_fr7_AH_2019-03-04,bagnumber-700,apal_ndr_gHS1_cl67_fr7_AH_2019-03-04,7,AH,4-Mar-19,March,2019,Trip_2,HS1_Cluster_67_7_ndr,341,apal,2_ndr,ndr,HS1,67,2,NA,greenyellow,greenyellow,olivedrab1,blue4,maroon2,25.1303102,-80.293823,12.6
apal_pr_gML2_cl58_fr3_AH_2019-03-01,bagnumber-734,apal_pr_gML2_cl58_fr3_AH_2019-03-01,3,AH,1-Mar-19,March,2019,Trip_2,ML2_Cluster_58_3_pr,342,apal,2_pr,pr,ML2,58,2,NA,greenyellow,orangered,slategrey,blue4,orangered,24.9845308,-80.4165403,18.7
apal_pr_gML2_cl58_frB_AH_2019-03-01,bagnumber-735,apal_pr_gML2_cl58_frB_AH_2019-03-01,B,AH,1-Mar-19,March,2019,Trip_2,ML2_Cluster_58_B_pr,343,apal,2_pr,pr,ML2,58,2,NA,greenyellow,orangered,slategrey,blue4,orangered,24.9845308,-80.4165403,18.7
apal_pr_gML2_cl58_fr6_AH_2019-03-01,bagnumber-736,apal_pr_gML2_cl58_fr6_AH_2019-03-01,6,AH,1-Mar-19,March,2019,Trip_2,ML2_Cluster_58_6_pr,344,apal,2_pr,pr,ML2,58,2,NA,greenyellow,orangered,slategrey,blue4,orangered,24.9845308,-80.4165403,18.7
apal_pr_gML2_cl64_fr4_AH_2019-03-01,bagnumber-737,apal_pr_gML2_cl64_fr4_AH_2019-03-01,4,AH,1-Mar-19,March,2019,Trip_2,ML2_Cluster_64_4_pr,345,apal,2_pr,pr,ML2,64,2,NA,greenyellow,orangered,slategrey,blue4,orangered,24.9845404,-80.4165528,16.7
apal_pr_gML2_cl64_fr5_AH_2019-03-01,bagnumber-738,apal_pr_gML2_cl64_fr5_AH_2019-03-01,5,AH,1-Mar-19,March,2019,Trip_2,ML2_Cluster_64_5_pr,346,apal,2_pr,pr,ML2,64,2,NA,greenyellow,orangered,slategrey,blue4,orangered,24.9845404,-80.4165528,16.7
apal_pr_gML2_cl64_fr6_AH_2019-03-01,bagnumber-739,apal_pr_gML2_cl64_fr6_AH_2019-03-01,6,AH,1-Mar-19,March,2019,Trip_2,ML2_Cluster_64_6_pr,347,apal,2_pr,pr,ML2,64,2,NA,greenyellow,orangered,slategrey,blue4,orangered,24.9845404,-80.4165528,16.7
apal_pr_gML2_cl65_fr4_AH_2019-03-01,bagnumber-740,apal_pr_gML2_cl65_fr4_AH_2019-03-01,4,AH,1-Mar-19,March,2019,Trip_2,ML2_Cluster_65_4_pr,348,apal,2_pr,pr,ML2,65,2,NA,greenyellow,orangered,slategrey,blue4,orangered,24.9845482,-80.4165515,17.7
apal_ndr_gHS1_cl70_fr3_AH_2019-03-04,bagnumber-744,apal_ndr_gHS1_cl70_fr3_AH_2019-03-04,3,AH,4-Mar-19,March,2019,Trip_2,HS1_Cluster_70_3_ndr,349,apal,2_ndr,ndr,HS1,70,2,NA,maroon2,greenyellow,olivedrab1,blue4,maroon2,25.1302873,-80.2938389,12.6
apal_ndr_gHS1_cl70_fr4_AH_2019-03-04,bagnumber-745,apal_ndr_gHS1_cl70_fr4_AH_2019-03-04,4,AH,4-Mar-19,March,2019,Trip_2,HS1_Cluster_70_4_ndr,350,apal,2_ndr,ndr,HS1,70,2,NA,maroon2,greenyellow,olivedrab1,blue4,maroon2,25.1302873,-80.2938389,12.6
apal_ndr_gHS1_cl70_fr5_AH_2019-03-04,bagnumber-746,apal_ndr_gHS1_cl70_fr5_AH_2019-03-04,5,AH,4-Mar-19,March,2019,Trip_2,HS1_Cluster_70_5_ndr,351,apal,2_ndr,ndr,HS1,70,2,NA,maroon2,greenyellow,olivedrab1,blue4,maroon2,25.1302873,-80.2938389,12.6
apal_ndr_gCN2_cl15_fr3_AH_2019-03-04,bagnumber-787,apal_ndr_gCN2_cl15_fr3_AH_2019-03-04,3,AH,4-Mar-19,March,2019,Trip_2,CN2_Cluster_15_3_ndr,352,apal,2_ndr,ndr,CN2,15,2,NA,maroon2,blue4,greenyellow,blue4,maroon2,25.1303356,-80.2939744,11.8
apal_ndr_gCN2_cl15_fr5_AH_2019-03-04,bagnumber-788,apal_ndr_gCN2_cl15_fr5_AH_2019-03-04,5,AH,4-Mar-19,March,2019,Trip_2,CN2_Cluster_15_5_ndr,353,apal,2_ndr,ndr,CN2,15,2,NA,maroon2,blue4,greenyellow,blue4,maroon2,25.1303356,-80.2939744,11.8
apal_ndr_gCN2_cl15_fr6_AH_2019-03-04,bagnumber-789,apal_ndr_gCN2_cl15_fr6_AH_2019-03-04,6,AH,4-Mar-19,March,2019,Trip_2,CN2_Cluster_15_6_ndr,354,apal,2_ndr,ndr,CN2,15,2,NA,maroon2,blue4,greenyellow,blue4,maroon2,25.1303356,-80.2939744,11.8
apal_ndr_gML2_cl18_fr3_AH_2019-03-04,bagnumber-794,apal_ndr_gML2_cl18_fr3_AH_2019-03-04,3,AH,4-Mar-19,March,2019,Trip_2,ML2_Cluster_18_3_ndr,355,apal,2_ndr,ndr,ML2,18,2,NA,maroon2,orangered,turquoise3,blue4,maroon2,25.1303496,-80.2939585,11.8
apal_ndr_gML2_cl18_fr4_AH_2019-03-04,bagnumber-795,apal_ndr_gML2_cl18_fr4_AH_2019-03-04,4,AH,4-Mar-19,March,2019,Trip_2,ML2_Cluster_18_4_ndr,356,apal,2_ndr,ndr,ML2,18,2,NA,maroon2,orangered,turquoise3,blue4,maroon2,25.1303496,-80.2939585,11.8
apal_ndr_gML2_cl18_fr5_AH_2019-03-04,bagnumber-796,apal_ndr_gML2_cl18_fr5_AH_2019-03-04,5,AH,4-Mar-19,March,2019,Trip_2,ML2_Cluster_18_5_ndr,357,apal,2_ndr,ndr,ML2,18,2,NA,maroon2,orangered,turquoise3,blue4,maroon2,25.1303496,-80.2939585,11.8
apal_ndr_gCN4_cl28_fr3_AH_2019-03-04,bagnumber-797,apal_ndr_gCN4_cl28_fr3_AH_2019-03-04,3,AH,4-Mar-19,March,2019,Trip_2,CN4_Cluster_28_3_ndr,358,apal,2_ndr,ndr,CN4,28,2,NA,maroon2,maroon2,lightskyblue,blue4,maroon2,25.1303322,-80.2939338,12.7
apal_ndr_gCN4_cl28_fr4_AH_2019-03-04,bagnumber-798,apal_ndr_gCN4_cl28_fr4_AH_2019-03-04,4,AH,4-Mar-19,March,2019,Trip_2,CN4_Cluster_28_4_ndr,359,apal,2_ndr,ndr,CN4,28,2,NA,maroon2,maroon2,lightskyblue,blue4,maroon2,25.1303322,-80.2939338,12.7
apal_ndr_gCN4_cl28_fr5_AH_2019-03-04,bagnumber-799,apal_ndr_gCN4_cl28_fr5_AH_2019-03-04,5,AH,4-Mar-19,March,2019,Trip_2,CN4_Cluster_28_5_ndr,360,apal,2_ndr,ndr,CN4,28,2,NA,maroon2,maroon2,lightskyblue,blue4,maroon2,25.1303322,-80.2939338,12.7
apal_ndr_gML2_cl23_frB_AH_2019-03-04,bagnumber-800,apal_ndr_gML2_cl23_frB_AH_2019-03-04,B,AH,4-Mar-19,March,2019,Trip_2,ML2_Cluster_23_B_ndr,361,apal,2_ndr,ndr,ML2,23,2,NA,maroon2,orangered,turquoise3,blue4,maroon2,25.1303352,-80.2939432,12.8
apal_ndr_gML2_cl23_fr6_AH_2019-03-04,bagnumber-801,apal_ndr_gML2_cl23_fr6_AH_2019-03-04,6,AH,4-Mar-19,March,2019,Trip_2,ML2_Cluster_23_6_ndr,362,apal,2_ndr,ndr,ML2,23,2,NA,maroon2,orangered,turquoise3,blue4,maroon2,25.1303352,-80.2939432,12.8
apal_ndr_gML2_cl23_fr7_AH_2019-03-04,bagnumber-802,apal_ndr_gML2_cl23_fr7_AH_2019-03-04,7,AH,4-Mar-19,March,2019,Trip_2,ML2_Cluster_23_7_ndr,363,apal,2_ndr,ndr,ML2,23,2,NA,maroon2,orangered,turquoise3,blue4,maroon2,25.1303352,-80.2939432,12.8
apal_ndr_gML2_cl26_fr3_AH_2019-03-04,bagnumber-803,apal_ndr_gML2_cl26_fr3_AH_2019-03-04,3,AH,4-Mar-19,March,2019,Trip_2,ML2_Cluster_26_3_ndr,364,apal,2_ndr,ndr,ML2,26,2,NA,maroon2,orangered,turquoise3,blue4,maroon2,25.1303151,-80.2939404,11.8
apal_ndr_gML2_cl26_fr4_AH_2019-03-04,bagnumber-804,apal_ndr_gML2_cl26_fr4_AH_2019-03-04,4,AH,4-Mar-19,March,2019,Trip_2,ML2_Cluster_26_4_ndr,365,apal,2_ndr,ndr,ML2,26,2,NA,maroon2,orangered,turquoise3,blue4,maroon2,25.1303151,-80.2939404,11.8
apal_ndr_gML2_cl26_fr5_AH_2019-03-04,bagnumber-805,apal_ndr_gML2_cl26_fr5_AH_2019-03-04,5,AH,4-Mar-19,March,2019,Trip_2,ML2_Cluster_26_5_ndr,366,apal,2_ndr,ndr,ML2,26,2,NA,maroon2,orangered,turquoise3,blue4,maroon2,25.1303151,-80.2939404,11.8
apal_ndr_gCN4_cl32_fr3_AH_2019-03-04,bagnumber-806,apal_ndr_gCN4_cl32_fr3_AH_2019-03-04,3,AH,4-Mar-19,March,2019,Trip_2,CN4_Cluster_32_3_ndr,367,apal,2_ndr,ndr,CN4,32,2,NA,maroon2,maroon2,lightskyblue,blue4,maroon2,25.1303377,-80.2939212,11.7
apal_ndr_gCN4_cl32_fr4_AH_2019-03-04,bagnumber-807,apal_ndr_gCN4_cl32_fr4_AH_2019-03-04,4,AH,4-Mar-19,March,2019,Trip_2,CN4_Cluster_32_4_ndr,368,apal,2_ndr,ndr,CN4,32,2,NA,maroon2,maroon2,lightskyblue,blue4,maroon2,25.1303377,-80.2939212,11.7
apal_ndr_gCN4_cl32_fr5_AH_2019-03-04,bagnumber-808,apal_ndr_gCN4_cl32_fr5_AH_2019-03-04,5,AH,4-Mar-19,March,2019,Trip_2,CN4_Cluster_32_5_ndr,369,apal,2_ndr,ndr,CN4,32,2,NA,maroon2,maroon2,lightskyblue,blue4,maroon2,25.1303377,-80.2939212,11.7
apal_ndr_gCN4_cl38_fr3_AH_2019-03-04,bagnumber-809,apal_ndr_gCN4_cl38_fr3_AH_2019-03-04,3,AH,4-Mar-19,March,2019,Trip_2,CN4_Cluster_38_3_ndr,370,apal,2_ndr,ndr,CN4,38,2,NA,maroon2,maroon2,lightskyblue,blue4,maroon2,25.1303348,-80.2939119,12.7
apal_ndr_gCN4_cl38_fr4_AH_2019-03-04,bagnumber-810,apal_ndr_gCN4_cl38_fr4_AH_2019-03-04,4,AH,4-Mar-19,March,2019,Trip_2,CN4_Cluster_38_4_ndr,371,apal,2_ndr,ndr,CN4,38,2,NA,maroon2,maroon2,lightskyblue,blue4,maroon2,25.1303348,-80.2939119,12.7
apal_ndr_gCN4_cl38_fr6_AH_2019-03-04,bagnumber-811,apal_ndr_gCN4_cl38_fr6_AH_2019-03-04,6,AH,4-Mar-19,March,2019,Trip_2,CN4_Cluster_38_6_ndr,372,apal,2_ndr,ndr,CN4,38,2,NA,maroon2,maroon2,lightskyblue,blue4,maroon2,25.1303348,-80.2939119,12.7
apal_ndr_gCN2_cl57_fr3_AH_2019-03-04,bagnumber-815,apal_ndr_gCN2_cl57_fr3_AH_2019-03-04,3,AH,4-Mar-19,March,2019,Trip_2,CN2_Cluster_57_3_ndr,373,apal,2_ndr,ndr,CN2,57,2,NA,maroon2,blue4,greenyellow,blue4,maroon2,25.1303246,-80.2938481,10.7
apal_ndr_gCN2_cl57_fr4_AH_2019-03-04,bagnumber-816,apal_ndr_gCN2_cl57_fr4_AH_2019-03-04,4,AH,4-Mar-19,March,2019,Trip_2,CN2_Cluster_57_4_ndr,374,apal,2_ndr,ndr,CN2,57,2,NA,maroon2,blue4,greenyellow,blue4,maroon2,25.1303246,-80.2938481,10.7
apal_ndr_gCN2_cl57_fr5_AH_2019-03-04,bagnumber-817,apal_ndr_gCN2_cl57_fr5_AH_2019-03-04,5,AH,4-Mar-19,March,2019,Trip_2,CN2_Cluster_57_5_ndr,375,apal,2_ndr,ndr,CN2,57,2,NA,maroon2,blue4,greenyellow,blue4,maroon2,25.1303246,-80.2938481,10.7
apal_ndr_gHS1_cl63_fr3_AH_2019-03-04,bagnumber-844,apal_ndr_gHS1_cl63_fr3_AH_2019-03-04,3,AH,4-Mar-19,March,2019,Trip_2,HS1_Cluster_63_3_ndr,376,apal,2_ndr,ndr,HS1,63,2,NA,maroon2,greenyellow,olivedrab1,blue4,maroon2,25.1302969,-80.2938556,12.6
apal_ndr_gHS1_cl63_fr4_AH_2019-03-04,bagnumber-845,apal_ndr_gHS1_cl63_fr4_AH_2019-03-04,4,AH,4-Mar-19,March,2019,Trip_2,HS1_Cluster_63_4_ndr,377,apal,2_ndr,ndr,HS1,63,2,NA,maroon2,greenyellow,olivedrab1,blue4,maroon2,25.1302969,-80.2938556,12.6